fund_id,open,high,low,close,average,weighted_average,base_volume,traded_volume,interval_starts_at,interval_ends_at
BTCEUR,34153.52,34153.52,33194.24,33194.24,33676.29252,33613.72695,16097.61375,0.4789,2022-01-31T00:00:00.000Z,2022-01-31T01:00:00.000Z
BTCEUR,33194.24,33230.05,33129.0,33140.9,33178.36011,33163.38953,285.20513,0.0086,2022-01-31T01:00:00.000Z,2022-01-31T02:00:00.000Z
BTCEUR,33129.0,33236.15,33017.1,33236.15,33112.59861,33077.38176,1514.94405,0.0458,2022-01-31T02:00:00.000Z,2022-01-31T03:00:00.000Z
BTCEUR,33236.15,33343.78,33236.15,33320.0,33298.16488,33300.11349,1125.5438,0.0338,2022-01-31T03:00:00.000Z,2022-01-31T04:00:00.000Z
BTCEUR,33320.0,33320.0,33154.0,33222.73,33227.15764,33227.25489,1166.27659,0.0351,2022-01-31T04:00:00.000Z,2022-01-31T05:00:00.000Z
BTCEUR,33224.93,33303.24,33185.45,33303.24,33233.84666,33221.38165,960.0979,0.0289,2022-01-31T05:00:00.000Z,2022-01-31T06:00:00.000Z
BTCEUR,33303.24,33346.93,33229.0,33229.0,33300.94941,33317.07633,4721.02966,0.1417,2022-01-31T06:00:00.000Z,2022-01-31T07:00:00.000Z
BTCEUR,33210.44,33458.35,33210.44,33435.53,33359.62969,33290.55694,19005.57892,0.5709,2022-01-31T07:00:00.000Z,2022-01-31T08:00:00.000Z
BTCEUR,33435.53,33451.35,33403.39,33407.33,33421.24666,33420.38405,7542.98065,0.2257,2022-01-31T08:00:00.000Z,2022-01-31T09:00:00.000Z
BTCEUR,33407.33,33473.64,33365.93,33471.69,33415.93672,33427.1573,21858.01807,0.6539,2022-01-31T09:00:00.000Z,2022-01-31T10:00:00.000Z
BTCEUR,33469.41,33519.5,33363.71,33519.5,33447.78627,33422.32011,130845.04098,3.9149,2022-01-31T10:00:00.000Z,2022-01-31T11:00:00.000Z
BTCEUR,33519.5,33532.17,33229.0,33532.17,33388.79689,33440.88989,5457.55319,0.1632,2022-01-31T11:00:00.000Z,2022-01-31T12:00:00.000Z
BTCEUR,33511.46,33545.99,33186.64,33375.0,33312.105,33322.1288,57010.83014,1.7109,2022-01-31T12:00:00.000Z,2022-01-31T13:00:00.000Z
BTCEUR,33379.31,33499.0,33179.0,33499.0,33366.51047,33491.3064,35202.71212,1.0511,2022-01-31T13:00:00.000Z,2022-01-31T14:00:00.000Z
BTCEUR,33450.0,33650.0,33429.0,33650.0,33527.9947,33519.86658,46019.4248,1.3729,2022-01-31T14:00:00.000Z,2022-01-31T15:00:00.000Z
BTCEUR,33667.88,33950.76,33667.88,33829.0,33852.10888,33904.5742,184946.06178,5.4549,2022-01-31T15:00:00.000Z,2022-01-31T16:00:00.000Z
BTCEUR,33829.0,34350.0,33825.13,34350.0,34050.07345,34130.72751,39240.09735,1.1497,2022-01-31T16:00:00.000Z,2022-01-31T17:00:00.000Z
BTCEUR,34350.0,34535.72,34204.0,34475.0,34382.90034,34395.66356,100149.85358,2.9117,2022-01-31T17:00:00.000Z,2022-01-31T18:00:00.000Z
BTCEUR,34475.0,34478.71,34329.0,34462.44,34409.85366,34455.24214,3945.1252,0.1145,2022-01-31T18:00:00.000Z,2022-01-31T19:00:00.000Z
BTCEUR,34462.44,34571.11,34316.73,34316.73,34442.22624,34484.29558,62416.57495,1.81,2022-01-31T19:00:00.000Z,2022-01-31T20:00:00.000Z
BTCEUR,34316.73,34471.94,34203.8,34471.94,34340.93359,34331.74811,42282.98093,1.2316,2022-01-31T20:00:00.000Z,2022-01-31T21:00:00.000Z
BTCEUR,34379.0,34421.74,34304.0,34374.39,34360.08333,34347.28928,7745.31371,0.2255,2022-01-31T21:00:00.000Z,2022-01-31T22:00:00.000Z
BTCEUR,34374.39,34589.57,34343.54,34379.0,34453.33388,34530.06631,41004.45374,1.1875,2022-01-31T22:00:00.000Z,2022-01-31T23:00:00.000Z
BTCEUR,34363.89,34420.81,34329.0,34400.0,34367.39833,34369.79959,254.3365,0.0074,2022-01-31T23:00:00.000Z,2022-02-01T00:00:00.000Z
BTCEUR,34400.0,34501.13,34284.05,34284.05,34361.89527,34455.19441,14784.7239,0.4291,2022-02-01T00:00:00.000Z,2022-02-01T01:00:00.000Z
BTCEUR,34284.05,34380.81,34189.29,34189.29,34275.597,34258.57565,544.71133,0.0159,2022-02-01T01:00:00.000Z,2022-02-01T02:00:00.000Z
BTCEUR,34189.29,34407.12,34189.29,34407.12,34330.16857,34278.99907,3613.00648,0.1054,2022-02-01T02:00:00.000Z,2022-02-01T03:00:00.000Z
BTCEUR,34414.51,34477.94,34386.11,34467.3,34442.12988,34451.6633,1312.60833,0.0381,2022-02-01T03:00:00.000Z,2022-02-01T04:00:00.000Z
BTCEUR,34467.3,34529.15,34423.12,34462.97,34475.58944,34476.99282,975.69887,0.0283,2022-02-01T04:00:00.000Z,2022-02-01T05:00:00.000Z
BTCEUR,34462.97,34509.58,34401.01,34401.01,34454.2727,34458.31644,1347.32014,0.0391,2022-02-01T05:00:00.000Z,2022-02-01T06:00:00.000Z
BTCEUR,34379.0,34379.0,34204.0,34267.32,34273.27549,34277.92215,1624.77343,0.0474,2022-02-01T06:00:00.000Z,2022-02-01T07:00:00.000Z
BTCEUR,34249.4,34365.98,34249.4,34286.51,34305.55135,34306.79755,4377.54735,0.1276,2022-02-01T07:00:00.000Z,2022-02-01T08:00:00.000Z
BTCEUR,34286.51,34464.58,34254.0,34455.58,34385.7149,34411.32727,105395.01318,3.0628,2022-02-01T08:00:00.000Z,2022-02-01T09:00:00.000Z
BTCEUR,34455.58,34850.0,34129.0,34131.09,34425.55643,34515.16915,59100.32407,1.7123,2022-02-01T09:00:00.000Z,2022-02-01T10:00:00.000Z
BTCEUR,34104.0,34175.0,33915.54,34116.91,34069.39723,34075.29271,11847.97923,0.3477,2022-02-01T10:00:00.000Z,2022-02-01T11:00:00.000Z
BTCEUR,34116.91,34313.74,34116.91,34256.1,34204.70333,34242.6963,36167.1358,1.0562,2022-02-01T11:00:00.000Z,2022-02-01T12:00:00.000Z
BTCEUR,34256.1,34547.09,34256.1,34450.41,34419.03044,34338.30184,13594.53361,0.3959,2022-02-01T12:00:00.000Z,2022-02-01T13:00:00.000Z
BTCEUR,34450.41,34677.32,34298.88,34634.98,34530.90563,34523.47588,103194.1217,2.9891,2022-02-01T13:00:00.000Z,2022-02-01T14:00:00.000Z
BTCEUR,34634.98,34736.24,34231.49,34285.22,34489.90746,34650.96464,31584.35422,0.9115,2022-02-01T14:00:00.000Z,2022-02-01T15:00:00.000Z
BTCEUR,34278.6,34453.99,34070.87,34453.99,34261.57699,34353.33565,50423.82602,1.4678,2022-02-01T15:00:00.000Z,2022-02-01T16:00:00.000Z
BTCEUR,34473.37,34972.97,34473.37,34854.0,34654.07661,34712.99254,90375.27601,2.6035,2022-02-01T16:00:00.000Z,2022-02-01T17:00:00.000Z
BTCEUR,34829.0,34929.09,34479.0,34557.97,34625.88092,34575.0069,24786.82239,0.7169,2022-02-01T17:00:00.000Z,2022-02-01T18:00:00.000Z
BTCEUR,34557.97,34625.6,34304.0,34304.0,34517.12924,34506.38707,3681.83147,0.1067,2022-02-01T18:00:00.000Z,2022-02-01T19:00:00.000Z
BTCEUR,34327.53,34331.97,34180.67,34209.91,34238.9439,34213.48341,1980.96064,0.0579,2022-02-01T19:00:00.000Z,2022-02-01T20:00:00.000Z
BTCEUR,34193.93,34453.99,34193.93,34329.0,34346.12071,34336.93251,4508.43919,0.1313,2022-02-01T20:00:00.000Z,2022-02-01T21:00:00.000Z
BTCEUR,34306.65,34532.7,34304.0,34454.0,34449.28469,34496.44253,1635.13136,0.0474,2022-02-01T21:00:00.000Z,2022-02-01T22:00:00.000Z
BTCEUR,34525.0,34539.78,34354.0,34385.07,34423.53857,34415.17293,375.12537,0.0109,2022-02-01T22:00:00.000Z,2022-02-01T23:00:00.000Z
BTCEUR,34385.07,34567.93,34361.3,34479.0,34468.84952,34449.38314,6920.88103,0.2009,2022-02-01T23:00:00.000Z,2022-02-02T00:00:00.000Z
BTCEUR,34479.0,34500.0,34241.87,34325.0,34354.33726,34336.95039,611.19769,0.0178,2022-02-02T00:00:00.000Z,2022-02-02T01:00:00.000Z
BTCEUR,34337.05,34337.05,34113.83,34113.83,34245.45035,34160.09808,1503.0443,0.044,2022-02-02T01:00:00.000Z,2022-02-02T02:00:00.000Z
BTCEUR,34113.83,34325.83,34113.83,34325.83,34259.64675,34261.70499,157.60384,0.0046,2022-02-02T02:00:00.000Z,2022-02-02T03:00:00.000Z
BTCEUR,34347.72,34425.66,34347.72,34354.0,34387.4148,34393.95381,450.56077,0.0131,2022-02-02T03:00:00.000Z,2022-02-02T04:00:00.000Z
BTCEUR,34329.0,34329.0,34216.67,34225.56,34251.26666,34245.8398,1383.53188,0.0404,2022-02-02T04:00:00.000Z,2022-02-02T05:00:00.000Z
BTCEUR,34225.56,34225.56,34124.76,34169.03,34171.85766,34158.24588,4286.85982,0.1255,2022-02-02T05:00:00.000Z,2022-02-02T06:00:00.000Z
BTCEUR,34169.03,34256.99,34000.0,34000.0,34130.67875,34031.26057,15950.45176,0.4687,2022-02-02T06:00:00.000Z,2022-02-02T07:00:00.000Z
BTCEUR,34000.0,34100.0,33994.17,33994.17,34060.97776,34000.71472,66284.39333,1.9495,2022-02-02T07:00:00.000Z,2022-02-02T08:00:00.000Z
BTCEUR,33994.17,34150.98,33994.17,34125.0,34105.16584,34073.79837,6855.64821,0.2012,2022-02-02T08:00:00.000Z,2022-02-02T09:00:00.000Z
BTCEUR,34125.0,34283.23,34101.45,34283.23,34181.57442,34145.2138,27913.71227,0.8175,2022-02-02T09:00:00.000Z,2022-02-02T10:00:00.000Z
BTCEUR,34283.23,34284.32,34179.0,34278.25,34241.10397,34239.77388,22485.25948,0.6567,2022-02-02T10:00:00.000Z,2022-02-02T11:00:00.000Z
BTCEUR,34278.25,34278.25,34154.0,34208.63,34198.70678,34192.40727,11621.9992,0.3399,2022-02-02T11:00:00.000Z,2022-02-02T12:00:00.000Z
BTCEUR,34208.63,34371.48,34207.45,34328.44,34299.08066,34298.49266,13376.4121,0.39,2022-02-02T12:00:00.000Z,2022-02-02T13:00:00.000Z
BTCEUR,34375.0,34377.6,34052.17,34069.51,34185.1753,34298.96146,26777.19917,0.7807,2022-02-02T13:00:00.000Z,2022-02-02T14:00:00.000Z
BTCEUR,34066.77,34128.28,33429.0,33451.51,33713.27523,33769.3799,77156.27911,2.2848,2022-02-02T14:00:00.000Z,2022-02-02T15:00:00.000Z
BTCEUR,33485.4,33550.0,33012.0,33112.44,33386.86397,33222.21314,111025.31402,3.3419,2022-02-02T15:00:00.000Z,2022-02-02T16:00:00.000Z
BTCEUR,33112.44,33139.71,32934.58,33102.51,33018.71077,32999.24176,76469.14289,2.3173,2022-02-02T16:00:00.000Z,2022-02-02T17:00:00.000Z
BTCEUR,33100.74,33255.36,33057.64,33152.93,33161.52912,33143.21491,25119.24251,0.7579,2022-02-02T17:00:00.000Z,2022-02-02T18:00:00.000Z
BTCEUR,33152.93,33237.08,33129.36,33130.41,33196.46546,33145.97744,16795.06673,0.5067,2022-02-02T18:00:00.000Z,2022-02-02T19:00:00.000Z
BTCEUR,33130.41,33357.58,33130.41,33345.8,33284.18924,33272.4601,30820.27976,0.9263,2022-02-02T19:00:00.000Z,2022-02-02T20:00:00.000Z
BTCEUR,33335.43,33389.19,33216.6,33346.6,33298.77342,33327.32785,2559.53877,0.0768,2022-02-02T20:00:00.000Z,2022-02-02T21:00:00.000Z
BTCEUR,33346.6,33346.6,32489.68,32671.77,32832.54437,32819.64206,40358.31373,1.2297,2022-02-02T21:00:00.000Z,2022-02-02T22:00:00.000Z
BTCEUR,32750.0,32955.18,32699.08,32847.68,32805.21442,32792.1146,3010.31608,0.0918,2022-02-02T22:00:00.000Z,2022-02-02T23:00:00.000Z
BTCEUR,32847.68,32878.46,32657.32,32734.62,32743.8035,32734.36662,1554.88239,0.0475,2022-02-02T23:00:00.000Z,2022-02-03T00:00:00.000Z
BTCEUR,32723.03,32800.0,32651.68,32729.0,32716.11636,32689.57466,4357.52029,0.1333,2022-02-03T00:00:00.000Z,2022-02-03T01:00:00.000Z
BTCEUR,32729.0,32775.22,32679.0,32679.0,32719.40666,32765.48511,281.78317,0.0086,2022-02-03T01:00:00.000Z,2022-02-03T02:00:00.000Z
BTCEUR,32679.0,32719.65,32604.0,32719.65,32667.4986,32684.61597,934.78,0.0286,2022-02-03T02:00:00.000Z,2022-02-03T03:00:00.000Z
BTCEUR,32719.65,32789.14,32669.35,32669.35,32731.895,32713.58179,781.85459,0.0239,2022-02-03T03:00:00.000Z,2022-02-03T04:00:00.000Z
BTCEUR,32669.35,32669.35,32669.35,32669.35,32669.35,32669.35,0.0,0.0,2022-02-03T04:00:00.000Z,2022-02-03T05:00:00.000Z
BTCEUR,32669.35,32669.35,32669.35,32669.35,32669.35,32669.35,0.0,0.0,2022-02-03T05:00:00.000Z,2022-02-03T06:00:00.000Z
BTCEUR,32669.35,32835.49,32669.35,32788.93,32758.431,32774.23838,3611.72103,0.1102,2022-02-03T06:00:00.000Z,2022-02-03T07:00:00.000Z
BTCEUR,32786.83,32937.12,32786.83,32937.12,32848.05233,32866.31051,2349.94118,0.0715,2022-02-03T07:00:00.000Z,2022-02-03T08:00:00.000Z
BTCEUR,32937.12,32937.12,32844.88,32847.86,32873.25083,32872.99653,578.56473,0.0176,2022-02-03T08:00:00.000Z,2022-02-03T09:00:00.000Z
BTCEUR,32847.86,32907.25,32510.02,32510.02,32772.18112,32753.84893,2774.25094,0.0847,2022-02-03T09:00:00.000Z,2022-02-03T10:00:00.000Z
BTCEUR,32504.0,32504.0,32292.22,32449.99,32408.20697,32384.71294,447751.04109,13.826,2022-02-03T10:00:00.000Z,2022-02-03T11:00:00.000Z
BTCEUR,32449.99,32786.69,32400.0,32670.86,32528.78892,32539.77405,11154.6345,0.3428,2022-02-03T11:00:00.000Z,2022-02-03T12:00:00.000Z
BTCEUR,32670.86,32746.73,32325.47,32612.34,32504.99788,32481.0665,14765.89276,0.4546,2022-02-03T12:00:00.000Z,2022-02-03T13:00:00.000Z
BTCEUR,32612.34,32799.0,32325.47,32378.99,32584.49581,32579.56023,13820.24932,0.4242,2022-02-03T13:00:00.000Z,2022-02-03T14:00:00.000Z
BTCEUR,32378.99,32429.0,32245.84,32302.18,32343.19538,32354.62533,24748.05284,0.7649,2022-02-03T14:00:00.000Z,2022-02-03T15:00:00.000Z
BTCEUR,32267.71,32665.61,32216.73,32563.49,32481.01745,32520.78053,226416.17816,6.9622,2022-02-03T15:00:00.000Z,2022-02-03T16:00:00.000Z
BTCEUR,32563.49,32715.5,32288.56,32288.56,32558.37797,32512.53931,34967.23595,1.0755,2022-02-03T16:00:00.000Z,2022-02-03T17:00:00.000Z
BTCEUR,32288.56,32510.56,32288.56,32433.56,32403.33503,32404.84237,14011.85377,0.4324,2022-02-03T17:00:00.000Z,2022-02-03T18:00:00.000Z
BTCEUR,32433.56,32499.99,32429.0,32478.2,32462.60022,32467.45765,7133.10042,0.2197,2022-02-03T18:00:00.000Z,2022-02-03T19:00:00.000Z
BTCEUR,32478.2,32478.2,32088.19,32088.2,32273.41037,32329.18486,57203.25965,1.7694,2022-02-03T19:00:00.000Z,2022-02-03T20:00:00.000Z
BTCEUR,32088.2,32247.03,31930.67,32038.67,32059.56272,32003.36214,14567.93039,0.4552,2022-02-03T20:00:00.000Z,2022-02-03T21:00:00.000Z
BTCEUR,32025.0,32554.93,32005.19,32554.93,32386.4263,32416.07776,31949.28621,0.9856,2022-02-03T21:00:00.000Z,2022-02-03T22:00:00.000Z
BTCEUR,32554.93,32554.93,32399.99,32400.0,32458.78826,32501.42683,7351.8227,0.2262,2022-02-03T22:00:00.000Z,2022-02-03T23:00:00.000Z
BTCEUR,32400.0,32750.0,32400.0,32750.0,32512.71609,32625.99016,25683.17942,0.7872,2022-02-03T23:00:00.000Z,2022-02-04T00:00:00.000Z
BTCEUR,32744.21,32744.21,32629.0,32639.5,32668.04583,32660.802,2354.84381,0.0721,2022-02-04T00:00:00.000Z,2022-02-04T01:00:00.000Z
BTCEUR,32639.5,32639.5,32524.22,32603.9,32565.59516,32558.6515,1380.48678,0.0424,2022-02-04T01:00:00.000Z,2022-02-04T02:00:00.000Z
BTCEUR,32603.9,32800.0,32603.9,32750.37,32714.46805,32712.6397,906.14007,0.0277,2022-02-04T02:00:00.000Z,2022-02-04T03:00:00.000Z
BTCEUR,32750.37,32791.99,32692.55,32724.08,32736.56937,32733.56709,2252.06937,0.0688,2022-02-04T03:00:00.000Z,2022-02-04T04:00:00.000Z
BTCEUR,32724.08,32761.69,32663.44,32705.86,32696.86159,32706.69441,1383.4931,0.0423,2022-02-04T04:00:00.000Z,2022-02-04T05:00:00.000Z
BTCEUR,32693.77,32978.59,32678.32,32963.37,32863.50777,32808.30641,7883.83597,0.2403,2022-02-04T05:00:00.000Z,2022-02-04T06:00:00.000Z
BTCEUR,32963.37,33317.69,32963.37,33317.69,33239.16443,33172.22496,2050.04343,0.0618,2022-02-04T06:00:00.000Z,2022-02-04T07:00:00.000Z
BTCEUR,33317.69,33475.0,33131.55,33131.55,33261.09867,33361.54425,6809.09113,0.2041,2022-02-04T07:00:00.000Z,2022-02-04T08:00:00.000Z
BTCEUR,33225.0,33440.53,33225.0,33254.0,33322.50874,33316.44516,11460.85712,0.344,2022-02-04T08:00:00.000Z,2022-02-04T09:00:00.000Z
BTCEUR,33254.0,33440.53,33254.0,33440.53,33323.85303,33327.21599,6448.81627,0.1935,2022-02-04T09:00:00.000Z,2022-02-04T10:00:00.000Z
BTCEUR,33440.53,33450.0,33126.98,33229.0,33248.55977,33258.18835,7276.89156,0.2188,2022-02-04T10:00:00.000Z,2022-02-04T11:00:00.000Z
BTCEUR,33229.0,33324.3,33068.61,33112.15,33178.37547,33176.15949,112460.5454,3.3898,2022-02-04T11:00:00.000Z,2022-02-04T12:00:00.000Z
BTCEUR,33112.15,33280.5,33112.15,33277.23,33223.65616,33244.44591,1628.97782,0.049,2022-02-04T12:00:00.000Z,2022-02-04T13:00:00.000Z
BTCEUR,33277.23,33405.88,32879.13,32879.13,33120.42111,33053.54084,15607.88188,0.4722,2022-02-04T13:00:00.000Z,2022-02-04T14:00:00.000Z
BTCEUR,32855.4,33357.94,32824.09,33357.94,33090.9419,33287.36637,48080.27193,1.4444,2022-02-04T14:00:00.000Z,2022-02-04T15:00:00.000Z
BTCEUR,33375.0,34885.07,33375.0,34544.99,34397.71412,34314.97779,729337.40094,21.2542,2022-02-04T15:00:00.000Z,2022-02-04T16:00:00.000Z
BTCEUR,34550.0,35438.54,34543.38,35254.0,35044.9607,34971.66903,134556.99368,3.8476,2022-02-04T16:00:00.000Z,2022-02-04T17:00:00.000Z
BTCEUR,35204.0,35451.28,35132.38,35426.07,35315.5642,35315.83786,29644.11424,0.8394,2022-02-04T17:00:00.000Z,2022-02-04T18:00:00.000Z
BTCEUR,35451.28,35538.09,35300.0,35400.0,35376.04274,35320.31822,153466.78261,4.345,2022-02-04T18:00:00.000Z,2022-02-04T19:00:00.000Z
BTCEUR,35400.0,35692.06,35279.02,35648.95,35432.64749,35329.62398,74358.25955,2.1047,2022-02-04T19:00:00.000Z,2022-02-04T20:00:00.000Z
BTCEUR,35648.95,35795.45,35368.36,35393.85,35624.20516,35751.11309,71201.91677,1.9916,2022-02-04T20:00:00.000Z,2022-02-04T21:00:00.000Z
BTCEUR,35393.85,35556.34,35393.85,35556.34,35487.37357,35484.10018,9942.64484,0.2802,2022-02-04T21:00:00.000Z,2022-02-04T22:00:00.000Z
BTCEUR,35556.34,35571.63,35412.38,35571.63,35506.80972,35468.10749,6795.68937,0.1916,2022-02-04T22:00:00.000Z,2022-02-04T23:00:00.000Z
BTCEUR,35571.63,36482.12,35571.63,36379.0,36004.52923,35901.00162,11438.05905,0.3186,2022-02-04T23:00:00.000Z,2022-02-05T00:00:00.000Z
BTCEUR,36379.0,36634.26,36254.0,36307.77,36444.2437,36477.1762,48762.68908,1.3368,2022-02-05T00:00:00.000Z,2022-02-05T01:00:00.000Z
BTCEUR,36307.77,36307.77,36129.0,36129.0,36239.55825,36218.74661,771.45928,0.0213,2022-02-05T01:00:00.000Z,2022-02-05T02:00:00.000Z
BTCEUR,36129.0,36200.0,36085.67,36200.0,36157.43666,36112.54102,281.67782,0.0078,2022-02-05T02:00:00.000Z,2022-02-05T03:00:00.000Z
BTCEUR,36200.0,36309.95,36200.0,36292.25,36270.62902,36280.28137,2586.78402,0.0713,2022-02-05T03:00:00.000Z,2022-02-05T04:00:00.000Z
BTCEUR,36300.0,36464.22,36254.0,36300.0,36328.20388,36345.03461,519.73398,0.0143,2022-02-05T04:00:00.000Z,2022-02-05T05:00:00.000Z
BTCEUR,36300.0,36457.37,36300.0,36373.48,36371.14291,36331.17288,24283.75591,0.6684,2022-02-05T05:00:00.000Z,2022-02-05T06:00:00.000Z
BTCEUR,36373.48,36425.0,36300.0,36374.28,36357.77554,36360.93747,79332.2933,2.1818,2022-02-05T06:00:00.000Z,2022-02-05T07:00:00.000Z
BTCEUR,36356.68,36363.93,36260.0,36260.0,36298.64805,36288.73083,5025.98919,0.1385,2022-02-05T07:00:00.000Z,2022-02-05T08:00:00.000Z
BTCEUR,36260.0,36275.0,36060.17,36225.0,36234.15334,36200.10505,62423.46114,1.7244,2022-02-05T08:00:00.000Z,2022-02-05T09:00:00.000Z
BTCEUR,36225.0,36300.0,36179.0,36300.0,36264.73874,36273.7283,28576.44315,0.7878,2022-02-05T09:00:00.000Z,2022-02-05T10:00:00.000Z
BTCEUR,36300.0,36359.99,36300.0,36359.99,36320.53738,36312.46667,29979.57247,0.8256,2022-02-05T10:00:00.000Z,2022-02-05T11:00:00.000Z
BTCEUR,36359.99,36359.99,36279.0,36279.0,36323.23287,36333.01642,8451.05959,0.2326,2022-02-05T11:00:00.000Z,2022-02-05T12:00:00.000Z
BTCEUR,36279.0,36360.83,36229.0,36285.5,36300.7457,36296.01968,3190.42011,0.0879,2022-02-05T12:00:00.000Z,2022-02-05T13:00:00.000Z
BTCEUR,36285.5,36400.0,36261.72,36365.94,36345.79613,36322.01913,13025.07604,0.3586,2022-02-05T13:00:00.000Z,2022-02-05T14:00:00.000Z
BTCEUR,36365.94,36441.29,36291.0,36304.0,36350.5589,36392.13442,45533.83857,1.2512,2022-02-05T14:00:00.000Z,2022-02-05T15:00:00.000Z
BTCEUR,36304.0,36621.75,36236.04,36500.0,36458.06482,36472.29734,110277.63822,3.0236,2022-02-05T15:00:00.000Z,2022-02-05T16:00:00.000Z
BTCEUR,36500.0,36541.35,36152.33,36152.33,36381.14735,36495.11934,49848.68346,1.3659,2022-02-05T16:00:00.000Z,2022-02-05T17:00:00.000Z
BTCEUR,36152.33,36423.77,35840.0,36423.77,36117.42202,36204.68473,22425.18162,0.6194,2022-02-05T17:00:00.000Z,2022-02-05T18:00:00.000Z
BTCEUR,36423.77,36506.05,36423.77,36476.99,36467.2225,36473.67667,11394.37657,0.3124,2022-02-05T18:00:00.000Z,2022-02-05T19:00:00.000Z
BTCEUR,36476.99,36482.98,36379.0,36421.04,36425.84714,36420.86904,1103.55232,0.0303,2022-02-05T19:00:00.000Z,2022-02-05T20:00:00.000Z
BTCEUR,36421.04,36425.0,36262.86,36425.0,36327.84349,36322.43486,2052.21756,0.0565,2022-02-05T20:00:00.000Z,2022-02-05T21:00:00.000Z
BTCEUR,36425.0,36553.95,36425.0,36503.14,36499.36037,36500.99041,3306.98969,0.0906,2022-02-05T21:00:00.000Z,2022-02-05T22:00:00.000Z
BTCEUR,36505.86,36505.86,36454.0,36454.0,36489.97166,36496.84763,200.73265,0.0055,2022-02-05T22:00:00.000Z,2022-02-05T23:00:00.000Z
BTCEUR,36437.23,36445.06,36240.12,36240.12,36368.50072,36363.8303,836.36806,0.023,2022-02-05T23:00:00.000Z,2022-02-06T00:00:00.000Z
BTCEUR,36240.12,36334.45,36240.12,36254.0,36291.8625,36323.74761,152.55974,0.0042,2022-02-06T00:00:00.000Z,2022-02-06T01:00:00.000Z
BTCEUR,36254.0,36412.21,36254.0,36391.54,36371.34083,36389.17187,232.89069,0.0064,2022-02-06T01:00:00.000Z,2022-02-06T02:00:00.000Z
BTCEUR,36391.54,36391.54,36391.54,36391.54,36391.54,36391.54,0.0,0.0,2022-02-06T02:00:00.000Z,2022-02-06T03:00:00.000Z
BTCEUR,36391.54,36414.02,36354.44,36414.02,36387.91666,36397.09039,465.88273,0.0128,2022-02-06T03:00:00.000Z,2022-02-06T04:00:00.000Z
BTCEUR,36414.02,36414.02,36221.15,36376.4,36336.27857,36334.31542,214.37245,0.0059,2022-02-06T04:00:00.000Z,2022-02-06T05:00:00.000Z
BTCEUR,36376.4,36421.58,36365.06,36385.82,36395.08866,36399.30103,385.83255,0.0106,2022-02-06T05:00:00.000Z,2022-02-06T06:00:00.000Z
BTCEUR,36385.82,36419.59,36303.49,36303.49,36363.555,36349.9997,3951.24493,0.1087,2022-02-06T06:00:00.000Z,2022-02-06T07:00:00.000Z
BTCEUR,36303.49,36458.93,36215.02,36458.93,36339.15981,36240.11761,3529.78744,0.0974,2022-02-06T07:00:00.000Z,2022-02-06T08:00:00.000Z
BTCEUR,36458.93,36458.93,36379.0,36398.74,36407.63875,36409.9714,466.04762,0.0128,2022-02-06T08:00:00.000Z,2022-02-06T09:00:00.000Z
BTCEUR,36398.74,36465.78,36398.74,36406.02,36446.10833,36461.21432,1119.35927,0.0307,2022-02-06T09:00:00.000Z,2022-02-06T10:00:00.000Z
BTCEUR,36406.02,36500.0,36406.02,36442.3,36451.73187,36445.41446,987.67072,0.0271,2022-02-06T10:00:00.000Z,2022-02-06T11:00:00.000Z
BTCEUR,36442.3,36442.3,36329.0,36329.0,36368.43166,36378.82121,4456.4056,0.1225,2022-02-06T11:00:00.000Z,2022-02-06T12:00:00.000Z
BTCEUR,36329.0,36473.05,36329.0,36454.22,36440.41566,36456.33143,1418.15128,0.0389,2022-02-06T12:00:00.000Z,2022-02-06T13:00:00.000Z
BTCEUR,36454.22,36597.25,36396.82,36539.0,36494.78805,36487.78299,16740.59479,0.4588,2022-02-06T13:00:00.000Z,2022-02-06T14:00:00.000Z
BTCEUR,36550.0,36806.89,36129.36,36129.36,36462.93966,36665.34375,67731.88944,1.8473,2022-02-06T14:00:00.000Z,2022-02-06T15:00:00.000Z
BTCEUR,36129.36,36325.0,36052.42,36325.0,36222.6727,36238.48057,1888.0248,0.0521,2022-02-06T15:00:00.000Z,2022-02-06T16:00:00.000Z
BTCEUR,36325.0,36518.84,36325.0,36516.66,36425.23735,36452.51202,7031.68953,0.1929,2022-02-06T16:00:00.000Z,2022-02-06T17:00:00.000Z
BTCEUR,36516.66,36569.81,36451.67,36521.25,36507.29454,36516.19451,15048.32372,0.4121,2022-02-06T17:00:00.000Z,2022-02-06T18:00:00.000Z
BTCEUR,36521.25,36521.25,36325.96,36351.52,36393.45761,36385.20651,6349.21852,0.1745,2022-02-06T18:00:00.000Z,2022-02-06T19:00:00.000Z
BTCEUR,36351.52,36516.88,36351.52,36516.88,36474.02125,36485.4726,6253.60999,0.1714,2022-02-06T19:00:00.000Z,2022-02-06T20:00:00.000Z
BTCEUR,36516.88,36516.88,36300.0,36441.97,36404.76691,36418.52885,18078.1577,0.4964,2022-02-06T20:00:00.000Z,2022-02-06T21:00:00.000Z
BTCEUR,36441.97,36510.09,36400.0,36486.69,36452.984,36482.58462,5341.05037,0.1464,2022-02-06T21:00:00.000Z,2022-02-06T22:00:00.000Z
BTCEUR,36486.69,36491.59,36402.56,36404.0,36430.10041,36404.22339,5609.89081,0.1541,2022-02-06T22:00:00.000Z,2022-02-06T23:00:00.000Z
BTCEUR,36379.0,37279.11,36379.0,37086.17,36873.02458,36814.53643,114787.72454,3.118,2022-02-06T23:00:00.000Z,2022-02-07T00:00:00.000Z
BTCEUR,37086.17,37086.17,36504.0,36600.0,36746.94013,36718.56277,3146.78078,0.0857,2022-02-07T00:00:00.000Z,2022-02-07T01:00:00.000Z
BTCEUR,36600.0,36950.0,36600.0,36879.0,36803.72798,36896.90776,24307.68281,0.6588,2022-02-07T01:00:00.000Z,2022-02-07T02:00:00.000Z
BTCEUR,36879.0,37325.0,36879.0,37083.12,37148.67893,37077.37944,8905.9865,0.2402,2022-02-07T02:00:00.000Z,2022-02-07T03:00:00.000Z
BTCEUR,37083.12,37589.89,37083.12,37548.57,37369.46132,37403.56861,2191.84909,0.0586,2022-02-07T03:00:00.000Z,2022-02-07T04:00:00.000Z
BTCEUR,37548.57,37548.57,37548.57,37548.57,37548.57,37548.57,0.0,0.0,2022-02-07T04:00:00.000Z,2022-02-07T05:00:00.000Z
BTCEUR,37548.57,37594.3,37446.98,37446.98,37511.317,37512.60438,3004.75959,0.0801,2022-02-07T05:00:00.000Z,2022-02-07T06:00:00.000Z
BTCEUR,37446.98,37521.57,37405.61,37475.82,37490.902,37477.68766,13491.96752,0.36,2022-02-07T06:00:00.000Z,2022-02-07T07:00:00.000Z
BTCEUR,37475.82,37500.0,37329.0,37400.0,37423.78111,37410.47232,50911.91176,1.3609,2022-02-07T07:00:00.000Z,2022-02-07T08:00:00.000Z
BTCEUR,37400.0,37446.24,37294.21,37311.45,37353.18379,37367.18583,13695.07355,0.3665,2022-02-07T08:00:00.000Z,2022-02-07T09:00:00.000Z
BTCEUR,37311.45,37336.47,37061.64,37061.64,37195.49593,37303.43475,34304.23856,0.9196,2022-02-07T09:00:00.000Z,2022-02-07T10:00:00.000Z
BTCEUR,37061.64,37383.94,37061.64,37383.94,37263.39711,37320.16012,18689.93615,0.5008,2022-02-07T10:00:00.000Z,2022-02-07T11:00:00.000Z
BTCEUR,37383.94,37449.23,37355.99,37394.73,37414.91312,37430.01868,2912.05543,0.0778,2022-02-07T11:00:00.000Z,2022-02-07T12:00:00.000Z
BTCEUR,37400.0,37400.0,37218.66,37304.0,37326.75133,37340.63465,12438.16537,0.3331,2022-02-07T12:00:00.000Z,2022-02-07T13:00:00.000Z
BTCEUR,37304.0,37493.86,37304.0,37489.53,37448.60625,37446.24511,9867.08555,0.2635,2022-02-07T13:00:00.000Z,2022-02-07T14:00:00.000Z
BTCEUR,37489.53,38005.33,37489.53,38005.33,37737.49914,37625.00091,44897.91349,1.1933,2022-02-07T14:00:00.000Z,2022-02-07T15:00:00.000Z
BTCEUR,38014.11,38443.27,37811.74,38442.57,38115.92592,38089.3184,128821.88369,3.3821,2022-02-07T15:00:00.000Z,2022-02-07T16:00:00.000Z
BTCEUR,38447.93,38500.0,38178.74,38420.8,38349.69005,38379.54411,24025.59452,0.626,2022-02-07T16:00:00.000Z,2022-02-07T17:00:00.000Z
BTCEUR,38406.87,38786.39,38292.62,38786.39,38492.09681,38489.28404,68510.92555,1.78,2022-02-07T17:00:00.000Z,2022-02-07T18:00:00.000Z
BTCEUR,38786.39,38950.0,38365.47,38694.46,38694.44177,38731.71278,81445.04552,2.1028,2022-02-07T18:00:00.000Z,2022-02-07T19:00:00.000Z
BTCEUR,38684.64,38976.94,38554.0,38779.0,38815.74622,38917.02253,77094.62156,1.981,2022-02-07T19:00:00.000Z,2022-02-07T20:00:00.000Z
BTCEUR,38779.0,38949.99,38438.91,38625.0,38664.07672,38743.74069,68878.62216,1.7778,2022-02-07T20:00:00.000Z,2022-02-07T21:00:00.000Z
BTCEUR,38625.0,38799.99,38435.01,38550.0,38582.28779,38612.37648,33569.6001,0.8694,2022-02-07T21:00:00.000Z,2022-02-07T22:00:00.000Z
BTCEUR,38575.0,38695.25,38529.0,38649.15,38614.80692,38635.0315,9890.56803,0.256,2022-02-07T22:00:00.000Z,2022-02-07T23:00:00.000Z
BTCEUR,38649.15,38654.67,38214.0,38362.27,38420.57619,38282.86397,53561.55493,1.3991,2022-02-07T23:00:00.000Z,2022-02-08T00:00:00.000Z
BTCEUR,38362.27,38400.0,38047.53,38400.0,38245.42565,38145.46776,16780.19126,0.4399,2022-02-08T00:00:00.000Z,2022-02-08T01:00:00.000Z
BTCEUR,38400.0,38529.97,38400.0,38529.97,38472.63607,38481.18781,511.79978,0.0133,2022-02-08T01:00:00.000Z,2022-02-08T02:00:00.000Z
BTCEUR,38529.97,38610.59,38504.0,38504.0,38549.98633,38604.77149,2767.9621,0.0717,2022-02-08T02:00:00.000Z,2022-02-08T03:00:00.000Z
BTCEUR,38504.0,38571.18,38504.0,38571.18,38571.18,38571.18,119.57065,0.0031,2022-02-08T03:00:00.000Z,2022-02-08T04:00:00.000Z
BTCEUR,38571.18,38571.18,38571.18,38571.18,38571.18,38571.18,0.0,0.0,2022-02-08T04:00:00.000Z,2022-02-08T05:00:00.000Z
BTCEUR,38571.18,38571.18,38571.18,38571.18,38571.18,38571.18,0.0,0.0,2022-02-08T05:00:00.000Z,2022-02-08T06:00:00.000Z
BTCEUR,38571.18,39280.0,38571.18,39280.0,39277.585,39279.88219,805.23758,0.0205,2022-02-08T06:00:00.000Z,2022-02-08T07:00:00.000Z
BTCEUR,39280.0,39432.7,39031.84,39404.62,39280.59072,39120.38599,151161.17144,3.864,2022-02-08T07:00:00.000Z,2022-02-08T08:00:00.000Z
BTCEUR,39404.62,39438.0,38563.94,38689.43,38900.81562,38952.53747,17022.25879,0.437,2022-02-08T08:00:00.000Z,2022-02-08T09:00:00.000Z
BTCEUR,38612.63,38757.43,38189.4,38495.15,38540.20658,38530.34377,351419.85334,9.1206,2022-02-08T09:00:00.000Z,2022-02-08T10:00:00.000Z
BTCEUR,38495.15,38539.4,38308.61,38428.81,38423.86886,38345.41551,15042.90645,0.3923,2022-02-08T10:00:00.000Z,2022-02-08T11:00:00.000Z
BTCEUR,38428.81,38587.26,38376.81,38587.26,38477.61677,38481.17023,6357.08925,0.1652,2022-02-08T11:00:00.000Z,2022-02-08T12:00:00.000Z
BTCEUR,38588.14,38597.48,37867.29,37923.75,38150.17382,37972.93723,82762.01661,2.1795,2022-02-08T12:00:00.000Z,2022-02-08T13:00:00.000Z
BTCEUR,37923.75,38201.28,37923.75,38201.28,38102.3044,38126.57431,18830.71501,0.4939,2022-02-08T13:00:00.000Z,2022-02-08T14:00:00.000Z
BTCEUR,38224.01,38479.44,38224.01,38329.0,38336.06829,38308.25964,22582.71902,0.5895,2022-02-08T14:00:00.000Z,2022-02-08T15:00:00.000Z
BTCEUR,38284.4,38284.4,37716.34,38140.36,38000.21789,37995.91862,17820.08575,0.469,2022-02-08T15:00:00.000Z,2022-02-08T16:00:00.000Z
BTCEUR,38165.15,38375.45,37791.8,37791.8,38134.45782,38122.24855,20845.24544,0.5468,2022-02-08T16:00:00.000Z,2022-02-08T17:00:00.000Z
BTCEUR,37785.12,37851.92,37480.61,37704.0,37678.42822,37629.1938,52428.75561,1.3933,2022-02-08T17:00:00.000Z,2022-02-08T18:00:00.000Z
BTCEUR,37704.0,37975.0,37640.36,37762.32,37824.4045,37759.54616,22240.37263,0.589,2022-02-08T18:00:00.000Z,2022-02-08T19:00:00.000Z
BTCEUR,37762.32,37798.94,37552.16,37675.0,37683.89359,37650.6512,10406.63995,0.2764,2022-02-08T19:00:00.000Z,2022-02-08T20:00:00.000Z
BTCEUR,37675.0,38889.61,37675.0,38804.0,38262.06476,38617.16317,20324.21291,0.5263,2022-02-08T20:00:00.000Z,2022-02-08T21:00:00.000Z
BTCEUR,38804.0,38935.39,38629.0,38829.0,38794.86591,38787.66974,3246.5279,0.0837,2022-02-08T21:00:00.000Z,2022-02-08T22:00:00.000Z
BTCEUR,38829.0,38829.0,38557.61,38656.29,38709.312,38669.69975,18704.53375,0.4837,2022-02-08T22:00:00.000Z,2022-02-08T23:00:00.000Z
BTCEUR,38656.29,38785.12,38629.0,38629.0,38731.31106,38746.58032,56054.67774,1.4467,2022-02-08T23:00:00.000Z,2022-02-09T00:00:00.000Z
BTCEUR,38629.0,38788.92,38629.0,38750.0,38711.23183,38736.99171,2614.74693,0.0675,2022-02-09T00:00:00.000Z,2022-02-09T01:00:00.000Z
BTCEUR,38750.0,38774.83,38501.57,38501.57,38678.097,38731.64364,2513.68365,0.0649,2022-02-09T01:00:00.000Z,2022-02-09T02:00:00.000Z
BTCEUR,38501.57,38501.57,37929.0,37971.96,38172.71976,38079.3219,7962.38616,0.2091,2022-02-09T02:00:00.000Z,2022-02-09T03:00:00.000Z
BTCEUR,37971.96,38116.54,37954.0,37979.0,38039.294,38034.47449,2552.11318,0.0671,2022-02-09T03:00:00.000Z,2022-02-09T04:00:00.000Z
BTCEUR,37979.0,38184.81,37979.0,38171.4,38132.23209,38139.95765,1449.31836,0.038,2022-02-09T04:00:00.000Z,2022-02-09T05:00:00.000Z
BTCEUR,38171.4,38280.27,37896.33,38280.27,38045.72942,38046.45644,2933.38175,0.0771,2022-02-09T05:00:00.000Z,2022-02-09T06:00:00.000Z
BTCEUR,38280.27,38363.84,38279.98,38363.55,38325.75428,38331.65996,1103.95174,0.0288,2022-02-09T06:00:00.000Z,2022-02-09T07:00:00.000Z
BTCEUR,38363.55,38379.44,38000.0,38379.44,38151.14621,38072.24768,305613.54661,8.0272,2022-02-09T07:00:00.000Z,2022-02-09T08:00:00.000Z
BTCEUR,38379.44,38392.47,37952.52,38143.29,38182.88894,38213.32885,22519.11464,0.5893,2022-02-09T08:00:00.000Z,2022-02-09T09:00:00.000Z
BTCEUR,38118.94,38234.93,37924.93,38093.43,38145.27929,38173.31545,73750.8454,1.932,2022-02-09T09:00:00.000Z,2022-02-09T10:00:00.000Z
BTCEUR,38054.0,38276.9,38054.0,38104.0,38172.19794,38208.59841,2804.51109,0.0734,2022-02-09T10:00:00.000Z,2022-02-09T11:00:00.000Z
BTCEUR,38104.0,38371.68,38000.28,38371.68,38172.93758,38296.76974,5828.76834,0.1522,2022-02-09T11:00:00.000Z,2022-02-09T12:00:00.000Z
BTCEUR,38371.68,38725.01,38340.7,38654.0,38512.97194,38449.94971,5978.96715,0.1555,2022-02-09T12:00:00.000Z,2022-02-09T13:00:00.000Z
BTCEUR,38654.0,38941.92,38345.61,38519.35,38715.59523,38805.60234,37525.01743,0.967,2022-02-09T13:00:00.000Z,2022-02-09T14:00:00.000Z
BTCEUR,38519.76,38770.0,38379.0,38665.9,38558.53572,38585.97062,6015.55278,0.1559,2022-02-09T14:00:00.000Z,2022-02-09T15:00:00.000Z
BTCEUR,38665.9,38774.99,38429.0,38429.0,38550.03816,38696.11665,25392.39174,0.6562,2022-02-09T15:00:00.000Z,2022-02-09T16:00:00.000Z
BTCEUR,38429.0,38634.96,38308.61,38634.96,38463.11995,38431.20388,3485.71014,0.0907,2022-02-09T16:00:00.000Z,2022-02-09T17:00:00.000Z
BTCEUR,38634.96,38736.12,38547.67,38603.97,38635.49736,38653.59557,13312.29827,0.3444,2022-02-09T17:00:00.000Z,2022-02-09T18:00:00.000Z
BTCEUR,38603.97,38692.45,38529.0,38692.45,38598.42351,38635.41459,1773.36551,0.0459,2022-02-09T18:00:00.000Z,2022-02-09T19:00:00.000Z
BTCEUR,38692.45,39155.86,38683.11,38979.0,38973.2387,38963.57601,22949.54621,0.589,2022-02-09T19:00:00.000Z,2022-02-09T20:00:00.000Z
BTCEUR,38979.0,39198.12,38929.0,39134.91,39080.79494,39094.50216,2975.09157,0.0761,2022-02-09T20:00:00.000Z,2022-02-09T21:00:00.000Z
BTCEUR,39134.91,39200.0,39004.0,39004.0,39111.17268,39050.90014,12164.35537,0.3115,2022-02-09T21:00:00.000Z,2022-02-09T22:00:00.000Z
BTCEUR,39004.0,39099.98,38829.0,39003.85,38963.63721,38994.54525,13948.34878,0.3577,2022-02-09T22:00:00.000Z,2022-02-09T23:00:00.000Z
BTCEUR,39003.85,39084.76,38829.0,38829.0,38945.60266,39043.99068,1350.92207,0.0346,2022-02-09T23:00:00.000Z,2022-02-10T00:00:00.000Z
BTCEUR,38829.0,38829.0,38635.22,38635.22,38729.893,38722.59196,689.26213,0.0178,2022-02-10T00:00:00.000Z,2022-02-10T01:00:00.000Z
BTCEUR,38635.22,38775.0,38635.22,38775.0,38750.0,38757.95454,85.2675,0.0022,2022-02-10T01:00:00.000Z,2022-02-10T02:00:00.000Z
BTCEUR,38775.0,38874.99,38479.0,38484.27,38662.2681,38660.89784,5018.18451,0.1298,2022-02-10T02:00:00.000Z,2022-02-10T03:00:00.000Z
BTCEUR,38474.21,38477.0,38295.4,38400.0,38382.49159,38354.67285,9308.67906,0.2427,2022-02-10T03:00:00.000Z,2022-02-10T04:00:00.000Z
BTCEUR,38421.24,38504.58,38284.83,38400.0,38398.26276,38419.22036,1367.72418,0.0356,2022-02-10T04:00:00.000Z,2022-02-10T05:00:00.000Z
BTCEUR,38420.26,38532.44,38354.0,38532.44,38448.72822,38465.00662,1003.93662,0.0261,2022-02-10T05:00:00.000Z,2022-02-10T06:00:00.000Z
BTCEUR,38514.27,38598.6,38429.0,38533.87,38517.67,38521.13167,1702.63396,0.0442,2022-02-10T06:00:00.000Z,2022-02-10T07:00:00.000Z
BTCEUR,38533.87,38625.0,38533.87,38625.0,38589.20166,38574.66922,1689.5705,0.0438,2022-02-10T07:00:00.000Z,2022-02-10T08:00:00.000Z
BTCEUR,38625.0,38800.0,38625.0,38799.99,38720.62316,38713.52319,2117.6297,0.0547,2022-02-10T08:00:00.000Z,2022-02-10T09:00:00.000Z
BTCEUR,38785.67,38935.39,38679.0,38882.04,38838.36928,38871.38229,1881.37488,0.0484,2022-02-10T09:00:00.000Z,2022-02-10T10:00:00.000Z
BTCEUR,38882.04,39198.1,38882.04,39103.9,39050.34875,39138.24832,5815.94366,0.1486,2022-02-10T10:00:00.000Z,2022-02-10T11:00:00.000Z
BTCEUR,39125.0,39450.0,39079.0,39234.8,39289.48336,39366.14935,42590.23694,1.0819,2022-02-10T11:00:00.000Z,2022-02-10T12:00:00.000Z
BTCEUR,39234.8,39450.0,39092.9,39225.0,39222.02954,39201.76478,9118.33044,0.2326,2022-02-10T12:00:00.000Z,2022-02-10T13:00:00.000Z
BTCEUR,39225.0,39425.98,38255.88,38380.68,38748.83571,38711.08581,44947.44167,1.1611,2022-02-10T13:00:00.000Z,2022-02-10T14:00:00.000Z
BTCEUR,38247.81,38796.77,37974.02,38796.77,38259.37598,38184.22224,34144.33143,0.8942,2022-02-10T14:00:00.000Z,2022-02-10T15:00:00.000Z
BTCEUR,38800.0,39793.71,38800.0,39185.24,39395.85636,39454.73119,73638.31024,1.8664,2022-02-10T15:00:00.000Z,2022-02-10T16:00:00.000Z
BTCEUR,39185.24,39520.83,39163.61,39520.83,39397.88115,39397.31836,7855.8252,0.1994,2022-02-10T16:00:00.000Z,2022-02-10T17:00:00.000Z
BTCEUR,39520.83,39857.77,39479.0,39675.99,39655.39735,39648.15483,15879.08595,0.4005,2022-02-10T17:00:00.000Z,2022-02-10T18:00:00.000Z
BTCEUR,39675.99,39675.99,39227.42,39350.56,39409.00374,39395.11674,17227.48451,0.4373,2022-02-10T18:00:00.000Z,2022-02-10T19:00:00.000Z
BTCEUR,39425.0,39475.0,38744.89,38825.0,39086.11803,39024.1405,24472.03845,0.6271,2022-02-10T19:00:00.000Z,2022-02-10T20:00:00.000Z
BTCEUR,38825.0,39024.27,38420.13,38650.0,38665.64899,38603.39809,16074.45489,0.4164,2022-02-10T20:00:00.000Z,2022-02-10T21:00:00.000Z
BTCEUR,38650.0,38738.89,38345.55,38345.55,38559.24687,38574.24962,9311.82382,0.2414,2022-02-10T21:00:00.000Z,2022-02-10T22:00:00.000Z
BTCEUR,38345.55,38598.96,38284.83,38429.0,38446.70256,38429.62093,2659.32972,0.0692,2022-02-10T22:00:00.000Z,2022-02-10T23:00:00.000Z
BTCEUR,38429.0,38617.97,38017.9,38125.0,38314.35132,38207.75884,27096.94255,0.7092,2022-02-10T23:00:00.000Z,2022-02-11T00:00:00.000Z
BTCEUR,38125.0,38125.0,37524.3,37775.0,37769.34765,37816.90376,94549.82274,2.5002,2022-02-11T00:00:00.000Z,2022-02-11T01:00:00.000Z
BTCEUR,37775.0,38384.89,37775.0,37803.58,38134.94939,38176.86064,20520.06253,0.5375,2022-02-11T01:00:00.000Z,2022-02-11T02:00:00.000Z
BTCEUR,37803.58,37886.58,37642.73,37825.0,37741.54037,37794.47374,1666.73627,0.0441,2022-02-11T02:00:00.000Z,2022-02-11T03:00:00.000Z
BTCEUR,37825.0,38076.19,37825.0,38076.19,37960.94666,37974.93397,1135.45048,0.0299,2022-02-11T03:00:00.000Z,2022-02-11T04:00:00.000Z
BTCEUR,38076.19,38076.19,37820.49,37820.49,37921.8828,38024.40376,4825.29683,0.1269,2022-02-11T04:00:00.000Z,2022-02-11T05:00:00.000Z
BTCEUR,37820.49,37825.0,37704.0,37704.0,37767.79838,37755.56632,513.47569,0.0136,2022-02-11T05:00:00.000Z,2022-02-11T06:00:00.000Z
BTCEUR,37681.17,38070.79,37681.17,38068.22,37947.75929,38050.37207,40862.29452,1.0739,2022-02-11T06:00:00.000Z,2022-02-11T07:00:00.000Z
BTCEUR,38050.67,38103.58,38000.0,38103.58,38040.12575,38001.44597,58203.01463,1.5316,2022-02-11T07:00:00.000Z,2022-02-11T08:00:00.000Z
BTCEUR,38103.58,38241.7,37825.27,37825.27,38105.31731,38142.68882,24705.01951,0.6477,2022-02-11T08:00:00.000Z,2022-02-11T09:00:00.000Z
BTCEUR,37825.27,38342.49,37727.68,38305.2,38122.6817,38260.02798,42740.27722,1.1171,2022-02-11T09:00:00.000Z,2022-02-11T10:00:00.000Z
BTCEUR,38305.2,38329.06,38079.0,38250.0,38210.79483,38259.08563,75171.4514,1.9648,2022-02-11T10:00:00.000Z,2022-02-11T11:00:00.000Z
BTCEUR,38250.0,38306.7,38138.7,38138.7,38210.32362,38228.09255,74697.69281,1.954,2022-02-11T11:00:00.000Z,2022-02-11T12:00:00.000Z
BTCEUR,38129.0,38380.45,38086.73,38233.83,38195.29227,38226.23273,28879.91879,0.7555,2022-02-11T12:00:00.000Z,2022-02-11T13:00:00.000Z
BTCEUR,38233.83,38464.99,38233.83,38464.99,38396.38577,38328.68822,12403.16346,0.3236,2022-02-11T13:00:00.000Z,2022-02-11T14:00:00.000Z
BTCEUR,38467.75,38623.86,38189.74,38308.61,38404.71328,38376.05273,34787.8917,0.9065,2022-02-11T14:00:00.000Z,2022-02-11T15:00:00.000Z
BTCEUR,38308.61,38541.38,38308.61,38379.0,38448.41671,38450.10117,3456.66397,0.0899,2022-02-11T15:00:00.000Z,2022-02-11T16:00:00.000Z
BTCEUR,38379.0,38379.0,38200.0,38275.0,38290.39564,38232.34035,12104.35892,0.3166,2022-02-11T16:00:00.000Z,2022-02-11T17:00:00.000Z
BTCEUR,38275.0,38378.73,38170.51,38211.71,38269.99353,38222.43825,15063.46289,0.3941,2022-02-11T17:00:00.000Z,2022-02-11T18:00:00.000Z
BTCEUR,38211.71,38264.89,37694.7,37699.47,37919.52639,37912.94967,5000.71796,0.1319,2022-02-11T18:00:00.000Z,2022-02-11T19:00:00.000Z
BTCEUR,37693.02,37929.24,37222.22,37685.89,37557.40523,37598.70686,36921.93,0.982,2022-02-11T19:00:00.000Z,2022-02-11T20:00:00.000Z
BTCEUR,37685.89,37712.3,37242.69,37323.33,37415.45027,37387.35943,18944.17493,0.5067,2022-02-11T20:00:00.000Z,2022-02-11T21:00:00.000Z
BTCEUR,37328.18,37627.04,37313.5,37527.12,37533.52756,37534.16658,65020.43675,1.7323,2022-02-11T21:00:00.000Z,2022-02-11T22:00:00.000Z
BTCEUR,37527.12,37546.56,37144.44,37144.44,37293.30228,37263.4709,1922.79507,0.0516,2022-02-11T22:00:00.000Z,2022-02-11T23:00:00.000Z
BTCEUR,37144.44,37375.0,37114.28,37304.0,37224.34303,37227.09241,908.34104,0.0244,2022-02-11T23:00:00.000Z,2022-02-12T00:00:00.000Z
BTCEUR,37304.0,37383.44,37214.24,37214.24,37286.9852,37236.34387,4170.4705,0.112,2022-02-12T00:00:00.000Z,2022-02-12T01:00:00.000Z
BTCEUR,37214.24,37442.98,37214.24,37442.98,37375.43238,37377.13977,328.91882,0.0088,2022-02-12T01:00:00.000Z,2022-02-12T02:00:00.000Z
BTCEUR,37442.98,37451.4,37442.98,37451.4,37450.46666,37450.71707,153.54794,0.0041,2022-02-12T02:00:00.000Z,2022-02-12T03:00:00.000Z
BTCEUR,37451.4,37524.48,37279.0,37383.91,37401.97253,37393.89771,1147.99262,0.0307,2022-02-12T03:00:00.000Z,2022-02-12T04:00:00.000Z
BTCEUR,37383.91,37524.62,37329.0,37329.0,37461.84366,37469.07124,1022.9056,0.0273,2022-02-12T04:00:00.000Z,2022-02-12T05:00:00.000Z
BTCEUR,37329.0,37446.35,37279.0,37421.26,37389.00673,37390.23902,1035.70959,0.0277,2022-02-12T05:00:00.000Z,2022-02-12T06:00:00.000Z
BTCEUR,37421.26,37427.57,36891.84,37100.0,37165.3198,37118.71241,9045.83017,0.2437,2022-02-12T06:00:00.000Z,2022-02-12T07:00:00.000Z
BTCEUR,37142.86,37229.06,37133.45,37133.45,37167.35625,37180.86958,531.68642,0.0143,2022-02-12T07:00:00.000Z,2022-02-12T08:00:00.000Z
BTCEUR,37133.45,37367.3,37133.45,37367.3,37324.04982,37330.32415,1500.679,0.0402,2022-02-12T08:00:00.000Z,2022-02-12T09:00:00.000Z
BTCEUR,37367.3,37515.63,37329.0,37379.0,37406.91527,37439.49059,1246.73503,0.0333,2022-02-12T09:00:00.000Z,2022-02-12T10:00:00.000Z
BTCEUR,37379.0,37440.56,37204.0,37275.0,37284.4664,37309.69978,686.49847,0.0184,2022-02-12T10:00:00.000Z,2022-02-12T11:00:00.000Z
BTCEUR,37275.0,37430.5,37075.59,37337.62,37232.54174,37189.08918,11844.72486,0.3185,2022-02-12T11:00:00.000Z,2022-02-12T12:00:00.000Z
BTCEUR,37375.0,37449.99,37304.0,37374.99,37377.26384,37393.15865,2254.80744,0.0603,2022-02-12T12:00:00.000Z,2022-02-12T13:00:00.000Z
BTCEUR,37374.99,37449.99,37137.7,37137.7,37318.76983,37316.70566,1350.86473,0.0362,2022-02-12T13:00:00.000Z,2022-02-12T14:00:00.000Z
BTCEUR,37137.7,37324.99,36966.74,37100.0,37124.19216,37074.95486,3703.78797,0.0999,2022-02-12T14:00:00.000Z,2022-02-12T15:00:00.000Z
BTCEUR,37100.0,37183.99,36911.23,37183.99,37036.6239,37048.51364,76431.08357,2.063,2022-02-12T15:00:00.000Z,2022-02-12T16:00:00.000Z
BTCEUR,37183.99,37733.93,37143.7,37733.93,37476.98423,37508.38912,10269.79691,0.2738,2022-02-12T16:00:00.000Z,2022-02-12T17:00:00.000Z
BTCEUR,37733.93,37749.94,37579.0,37694.74,37651.72033,37689.90214,2743.82486,0.0728,2022-02-12T17:00:00.000Z,2022-02-12T18:00:00.000Z
BTCEUR,37694.74,37971.33,37694.74,37850.16,37864.558,37873.11778,1920.16703,0.0507,2022-02-12T18:00:00.000Z,2022-02-12T19:00:00.000Z
BTCEUR,37850.16,37850.16,37630.0,37697.4,37707.87126,37747.77401,21489.80773,0.5693,2022-02-12T19:00:00.000Z,2022-02-12T20:00:00.000Z
BTCEUR,37697.4,37724.98,37530.69,37579.0,37627.87296,37599.36291,3387.70256,0.0901,2022-02-12T20:00:00.000Z,2022-02-12T21:00:00.000Z
BTCEUR,37579.0,37619.07,36784.35,36864.31,37211.23917,36890.99933,18722.1821,0.5075,2022-02-12T21:00:00.000Z,2022-02-12T22:00:00.000Z
BTCEUR,36900.0,37154.23,36895.33,37100.0,37026.36432,37055.29819,15652.15796,0.4224,2022-02-12T22:00:00.000Z,2022-02-12T23:00:00.000Z
BTCEUR,37100.0,37275.0,37100.0,37274.99,37214.36093,37232.58649,510.08643,0.0137,2022-02-12T23:00:00.000Z,2022-02-13T00:00:00.000Z
BTCEUR,37274.99,37430.8,37274.99,37428.87,37365.87541,37363.48971,1494.53957,0.04,2022-02-13T00:00:00.000Z,2022-02-13T01:00:00.000Z
BTCEUR,37428.87,37494.41,37279.0,37279.0,37373.31124,37412.23128,433.98187,0.0116,2022-02-13T01:00:00.000Z,2022-02-13T02:00:00.000Z
BTCEUR,37279.0,37305.8,37179.0,37305.8,37233.09476,37250.66499,640.71142,0.0172,2022-02-13T02:00:00.000Z,2022-02-13T03:00:00.000Z
BTCEUR,37305.8,37375.2,37229.0,37304.0,37320.92203,37326.10761,862.23306,0.0231,2022-02-13T03:00:00.000Z,2022-02-13T04:00:00.000Z
BTCEUR,37363.51,37372.03,37229.0,37296.48,37328.72166,37335.58069,701.90889,0.0188,2022-02-13T04:00:00.000Z,2022-02-13T05:00:00.000Z
BTCEUR,37296.48,37377.44,37204.0,37347.89,37321.7667,37327.45899,1750.65775,0.0469,2022-02-13T05:00:00.000Z,2022-02-13T06:00:00.000Z
BTCEUR,37347.89,37502.06,37304.0,37474.29,37415.67021,37427.75928,1789.04683,0.0478,2022-02-13T06:00:00.000Z,2022-02-13T07:00:00.000Z
BTCEUR,37474.29,37498.77,37379.0,37456.81,37445.65333,37493.6596,16887.14427,0.4504,2022-02-13T07:00:00.000Z,2022-02-13T08:00:00.000Z
BTCEUR,37456.81,37554.82,37456.81,37554.82,37507.34483,37504.44831,5085.60317,0.1356,2022-02-13T08:00:00.000Z,2022-02-13T09:00:00.000Z
BTCEUR,37554.82,37554.82,37354.0,37354.0,37438.38041,37482.79891,5813.5821,0.1551,2022-02-13T09:00:00.000Z,2022-02-13T10:00:00.000Z
BTCEUR,37346.22,37579.45,37304.0,37484.09,37433.14201,37471.64836,5703.18485,0.1522,2022-02-13T10:00:00.000Z,2022-02-13T11:00:00.000Z
BTCEUR,37484.09,37631.93,37484.09,37599.51,37566.79089,37588.4011,2198.92143,0.0585,2022-02-13T11:00:00.000Z,2022-02-13T12:00:00.000Z
BTCEUR,37599.51,37650.41,37529.0,37529.0,37584.30607,37628.10679,2750.61459,0.0731,2022-02-13T12:00:00.000Z,2022-02-13T13:00:00.000Z
BTCEUR,37529.0,37649.99,37529.0,37529.0,37575.34018,37598.48349,665.49314,0.0177,2022-02-13T13:00:00.000Z,2022-02-13T14:00:00.000Z
BTCEUR,37529.0,37625.0,37329.0,37450.0,37467.3726,37484.89786,6612.33594,0.1764,2022-02-13T14:00:00.000Z,2022-02-13T15:00:00.000Z
BTCEUR,37450.0,37749.94,37450.0,37653.16,37623.15019,37632.43073,2186.44417,0.0581,2022-02-13T15:00:00.000Z,2022-02-13T16:00:00.000Z
BTCEUR,37604.0,37604.0,37279.0,37360.71,37435.6588,37518.00757,7154.684,0.1907,2022-02-13T16:00:00.000Z,2022-02-13T17:00:00.000Z
BTCEUR,37360.71,37360.71,37218.66,37254.0,37272.36535,37329.20647,3964.36171,0.1062,2022-02-13T17:00:00.000Z,2022-02-13T18:00:00.000Z
BTCEUR,37254.0,37375.0,37029.0,37029.0,37228.32166,37184.27246,2547.12262,0.0685,2022-02-13T18:00:00.000Z,2022-02-13T19:00:00.000Z
BTCEUR,37067.29,37274.99,36974.85,37069.46,37121.01656,37072.34115,2728.52428,0.0736,2022-02-13T19:00:00.000Z,2022-02-13T20:00:00.000Z
BTCEUR,37069.46,37400.74,37069.46,37400.74,37256.0144,37271.54522,5888.90413,0.158,2022-02-13T20:00:00.000Z,2022-02-13T21:00:00.000Z
BTCEUR,37400.74,37490.67,37254.0,37349.99,37379.29503,37416.11662,954.11094,0.0255,2022-02-13T21:00:00.000Z,2022-02-13T22:00:00.000Z
BTCEUR,37296.01,37449.99,37296.01,37326.24,37381.68534,37338.65697,8184.63359,0.2192,2022-02-13T22:00:00.000Z,2022-02-13T23:00:00.000Z
BTCEUR,37326.24,37326.24,37066.92,37066.92,37208.8255,37176.58953,1275.15701,0.0343,2022-02-13T23:00:00.000Z,2022-02-14T00:00:00.000Z
BTCEUR,37066.92,37066.92,37029.0,37034.14,37031.71,37031.27999,92.5782,0.0025,2022-02-14T00:00:00.000Z,2022-02-14T01:00:00.000Z
BTCEUR,37034.14,37034.14,36687.34,36729.01,36824.01538,36780.31181,5995.19081,0.163,2022-02-14T01:00:00.000Z,2022-02-14T02:00:00.000Z
BTCEUR,36729.01,36850.0,36729.01,36817.18,36818.7225,36813.06346,95.71395,0.0026,2022-02-14T02:00:00.000Z,2022-02-14T03:00:00.000Z
BTCEUR,36817.18,37021.54,36779.0,37021.54,36928.11937,36929.16617,830.90622,0.0225,2022-02-14T03:00:00.000Z,2022-02-14T04:00:00.000Z
BTCEUR,37021.4,37040.58,36983.74,37040.58,37015.58055,37014.20102,1084.51605,0.0293,2022-02-14T04:00:00.000Z,2022-02-14T05:00:00.000Z
BTCEUR,37040.58,37053.75,36876.9,36914.52,36967.66583,36901.37242,112733.69271,3.055,2022-02-14T05:00:00.000Z,2022-02-14T06:00:00.000Z
BTCEUR,36865.74,37266.06,36829.06,37266.06,36990.00865,36936.59521,15986.15834,0.4328,2022-02-14T06:00:00.000Z,2022-02-14T07:00:00.000Z
BTCEUR,37266.06,37348.27,37220.35,37348.27,37280.12891,37268.88242,1751.63746,0.047,2022-02-14T07:00:00.000Z,2022-02-14T08:00:00.000Z
BTCEUR,37348.27,37400.74,37172.78,37275.0,37292.45448,37201.51665,4419.54015,0.1188,2022-02-14T08:00:00.000Z,2022-02-14T09:00:00.000Z
BTCEUR,37275.0,37275.0,37159.21,37204.0,37217.30444,37237.1049,1325.64093,0.0356,2022-02-14T09:00:00.000Z,2022-02-14T10:00:00.000Z
BTCEUR,37204.0,37400.0,37155.52,37400.0,37276.64853,37238.85029,45490.97948,1.2216,2022-02-14T10:00:00.000Z,2022-02-14T11:00:00.000Z
BTCEUR,37400.0,37419.06,37329.0,37329.0,37382.50555,37404.23259,302.97427,0.0081,2022-02-14T11:00:00.000Z,2022-02-14T12:00:00.000Z
BTCEUR,37329.0,37554.84,37229.0,37554.84,37358.05537,37367.99868,2641.91744,0.0707,2022-02-14T12:00:00.000Z,2022-02-14T13:00:00.000Z
BTCEUR,37554.84,37728.33,37554.84,37649.63,37631.70583,37627.8024,10814.23039,0.2874,2022-02-14T13:00:00.000Z,2022-02-14T14:00:00.000Z
BTCEUR,37649.63,37825.0,37586.32,37713.52,37714.232,37646.56615,68241.93045,1.8127,2022-02-14T14:00:00.000Z,2022-02-14T15:00:00.000Z
BTCEUR,37713.52,37799.98,37398.45,37728.45,37630.27465,37554.20001,75341.23598,2.0062,2022-02-14T15:00:00.000Z,2022-02-14T16:00:00.000Z
BTCEUR,37704.0,37939.33,37704.0,37776.05,37849.28879,37849.34792,42716.77402,1.1286,2022-02-14T16:00:00.000Z,2022-02-14T17:00:00.000Z
BTCEUR,37776.05,37853.85,37692.66,37692.66,37776.68825,37810.04166,45315.33492,1.1985,2022-02-14T17:00:00.000Z,2022-02-14T18:00:00.000Z
BTCEUR,37740.62,37799.99,37477.29,37477.29,37642.45528,37632.82717,51775.24355,1.3758,2022-02-14T18:00:00.000Z,2022-02-14T19:00:00.000Z
BTCEUR,37437.47,37445.16,37116.66,37316.3,37300.82191,37251.6585,15422.18655,0.414,2022-02-14T19:00:00.000Z,2022-02-14T20:00:00.000Z
BTCEUR,37316.3,37472.21,37279.0,37400.54,37386.46053,37406.94927,1346.65015,0.036,2022-02-14T20:00:00.000Z,2022-02-14T21:00:00.000Z
BTCEUR,37400.54,37446.39,37304.0,37425.0,37377.87,37396.6784,467.45847,0.0125,2022-02-14T21:00:00.000Z,2022-02-14T22:00:00.000Z
BTCEUR,37425.0,37845.12,37425.0,37799.99,37693.37061,37645.72753,16202.72108,0.4304,2022-02-14T22:00:00.000Z,2022-02-14T23:00:00.000Z
BTCEUR,37799.99,37879.11,37693.73,37714.0,37795.29633,37798.16157,767.30265,0.0203,2022-02-14T23:00:00.000Z,2022-02-15T00:00:00.000Z
BTCEUR,37714.0,37739.18,37554.0,37640.39,37650.1812,37564.57032,8917.82899,0.2374,2022-02-15T00:00:00.000Z,2022-02-15T01:00:00.000Z
BTCEUR,37650.0,38526.96,37650.0,38429.0,38085.50855,38026.99089,46526.02332,1.2235,2022-02-15T01:00:00.000Z,2022-02-15T02:00:00.000Z
BTCEUR,38429.0,38600.0,38429.0,38504.0,38512.71888,38524.19922,500.81457,0.013,2022-02-15T02:00:00.000Z,2022-02-15T03:00:00.000Z
BTCEUR,38504.0,38646.97,38504.0,38607.01,38610.84589,38637.10395,12545.46762,0.3247,2022-02-15T03:00:00.000Z,2022-02-15T04:00:00.000Z
BTCEUR,38607.01,38668.03,38435.86,38509.97,38547.28471,38448.03423,15483.02335,0.4027,2022-02-15T04:00:00.000Z,2022-02-15T05:00:00.000Z
BTCEUR,38509.97,38599.5,38429.0,38587.55,38553.86,38594.36342,4303.2715,0.1115,2022-02-15T05:00:00.000Z,2022-02-15T06:00:00.000Z
BTCEUR,38587.55,38671.75,38529.0,38529.0,38610.78235,38627.61065,1120.20067,0.029,2022-02-15T06:00:00.000Z,2022-02-15T07:00:00.000Z
BTCEUR,38529.0,38711.39,38515.9,38711.39,38607.17869,38601.64011,37227.42172,0.9644,2022-02-15T07:00:00.000Z,2022-02-15T08:00:00.000Z
BTCEUR,38711.39,38875.0,38711.39,38841.35,38798.74951,38793.57976,38215.55535,0.9851,2022-02-15T08:00:00.000Z,2022-02-15T09:00:00.000Z
BTCEUR,38841.35,38913.42,38704.0,38913.42,38816.47518,38857.87162,8451.58706,0.2175,2022-02-15T09:00:00.000Z,2022-02-15T10:00:00.000Z
BTCEUR,38913.42,39053.86,38804.0,39053.86,38949.00413,38978.93601,30380.1827,0.7794,2022-02-15T10:00:00.000Z,2022-02-15T11:00:00.000Z
BTCEUR,39053.86,39216.22,38950.0,39104.0,39056.46346,39011.45121,61006.10738,1.5638,2022-02-15T11:00:00.000Z,2022-02-15T12:00:00.000Z
BTCEUR,39079.0,39120.56,38954.01,38999.99,39031.702,39000.7469,58618.12259,1.503,2022-02-15T12:00:00.000Z,2022-02-15T13:00:00.000Z
BTCEUR,38999.99,39051.54,38880.66,38979.0,38984.58059,38969.33781,108880.3298,2.794,2022-02-15T13:00:00.000Z,2022-02-15T14:00:00.000Z
BTCEUR,38979.0,39193.17,38762.82,39193.17,39069.5424,38961.77458,114134.62241,2.9294,2022-02-15T14:00:00.000Z,2022-02-15T15:00:00.000Z
BTCEUR,39168.81,39187.37,39029.0,39032.21,39082.84089,39058.98016,42582.10013,1.0902,2022-02-15T15:00:00.000Z,2022-02-15T16:00:00.000Z
BTCEUR,39032.21,39032.21,38875.0,38875.0,38966.70486,38961.00678,2061.03724,0.0529,2022-02-15T16:00:00.000Z,2022-02-15T17:00:00.000Z
BTCEUR,38875.0,38919.94,38711.3,38712.15,38781.55936,38731.45402,15248.57342,0.3937,2022-02-15T17:00:00.000Z,2022-02-15T18:00:00.000Z
BTCEUR,38712.15,38934.49,38700.88,38878.91,38834.30068,38868.21122,4800.22405,0.1235,2022-02-15T18:00:00.000Z,2022-02-15T19:00:00.000Z
BTCEUR,38878.91,38897.25,38779.0,38849.55,38839.73571,38859.08258,450.76535,0.0116,2022-02-15T19:00:00.000Z,2022-02-15T20:00:00.000Z
BTCEUR,38849.55,38921.22,38696.72,38911.92,38832.37547,38866.30331,1088.25649,0.028,2022-02-15T20:00:00.000Z,2022-02-15T21:00:00.000Z
BTCEUR,38921.47,38949.06,38754.0,38806.57,38835.20931,38914.04091,2899.09604,0.0745,2022-02-15T21:00:00.000Z,2022-02-15T22:00:00.000Z
BTCEUR,38806.57,39046.81,38806.57,38954.0,38923.24122,38903.67893,3260.12828,0.0838,2022-02-15T22:00:00.000Z,2022-02-15T23:00:00.000Z
BTCEUR,38954.0,39301.01,38927.75,39249.9,39094.46704,39167.11189,5890.73361,0.1504,2022-02-15T23:00:00.000Z,2022-02-16T00:00:00.000Z
BTCEUR,39249.9,39249.9,38929.0,38940.58,39049.94642,39026.8448,503.44629,0.0129,2022-02-16T00:00:00.000Z,2022-02-16T01:00:00.000Z
BTCEUR,38940.58,38940.58,38770.84,38770.84,38851.9993,38822.54116,1552.90164,0.04,2022-02-16T01:00:00.000Z,2022-02-16T02:00:00.000Z
BTCEUR,38770.84,38770.84,38758.87,38758.87,38764.5625,38763.74555,139.54948,0.0036,2022-02-16T02:00:00.000Z,2022-02-16T03:00:00.000Z
BTCEUR,38758.87,38973.94,38758.87,38845.24,38891.37233,38870.07388,1659.75211,0.0427,2022-02-16T03:00:00.000Z,2022-02-16T04:00:00.000Z
BTCEUR,38804.0,38835.49,38490.05,38708.4,38671.1635,38605.54241,4516.84841,0.117,2022-02-16T04:00:00.000Z,2022-02-16T05:00:00.000Z
BTCEUR,38708.4,38900.0,38708.4,38896.77,38825.13666,38809.61627,729.62077,0.0188,2022-02-16T05:00:00.000Z,2022-02-16T06:00:00.000Z
BTCEUR,38896.77,38913.12,38829.0,38829.0,38896.3275,38904.38944,840.33478,0.0216,2022-02-16T06:00:00.000Z,2022-02-16T07:00:00.000Z
BTCEUR,38829.0,38945.67,38744.4,38945.67,38816.19997,38933.83709,9118.30462,0.2342,2022-02-16T07:00:00.000Z,2022-02-16T08:00:00.000Z
BTCEUR,38945.67,38952.31,38829.0,38829.0,38908.66533,38944.77645,4825.25779,0.1239,2022-02-16T08:00:00.000Z,2022-02-16T09:00:00.000Z
BTCEUR,38850.71,38851.4,38779.0,38779.0,38818.766,38832.36342,1926.08522,0.0496,2022-02-16T09:00:00.000Z,2022-02-16T10:00:00.000Z
BTCEUR,38754.0,38816.89,38635.22,38724.84,38741.79314,38752.12695,3092.41969,0.0798,2022-02-16T10:00:00.000Z,2022-02-16T11:00:00.000Z
BTCEUR,38800.0,38920.6,38762.81,38908.34,38851.24345,38783.45674,11825.07592,0.3049,2022-02-16T11:00:00.000Z,2022-02-16T12:00:00.000Z
BTCEUR,38908.34,38908.34,38754.0,38779.86,38788.92166,38800.82324,1276.54708,0.0329,2022-02-16T12:00:00.000Z,2022-02-16T13:00:00.000Z
BTCEUR,38779.86,38849.73,38433.42,38433.42,38651.0987,38648.60388,3745.04966,0.0969,2022-02-16T13:00:00.000Z,2022-02-16T14:00:00.000Z
BTCEUR,38453.42,38529.05,38204.0,38204.0,38432.24097,38453.34883,20134.1734,0.5236,2022-02-16T14:00:00.000Z,2022-02-16T15:00:00.000Z
BTCEUR,38204.0,38498.24,38204.0,38435.51,38411.70618,38394.62405,2610.83438,0.068,2022-02-16T15:00:00.000Z,2022-02-16T16:00:00.000Z
BTCEUR,38435.51,38436.78,38243.62,38425.0,38336.85931,38292.44502,9990.49888,0.2609,2022-02-16T16:00:00.000Z,2022-02-16T17:00:00.000Z
BTCEUR,38425.0,38483.41,38354.0,38391.44,38412.94025,38427.9556,2982.00932,0.0776,2022-02-16T17:00:00.000Z,2022-02-16T18:00:00.000Z
BTCEUR,38391.44,38643.53,38357.68,38643.53,38488.29899,38483.2019,11487.2357,0.2985,2022-02-16T18:00:00.000Z,2022-02-16T19:00:00.000Z
BTCEUR,38643.53,38955.37,38479.0,38879.0,38796.24764,38767.13905,6078.68734,0.1568,2022-02-16T19:00:00.000Z,2022-02-16T20:00:00.000Z
BTCEUR,38879.0,38997.4,38800.0,38800.0,38901.72833,38948.36015,1417.72029,0.0364,2022-02-16T20:00:00.000Z,2022-02-16T21:00:00.000Z
BTCEUR,38804.0,38857.6,38670.0,38750.0,38780.06531,38799.50257,124569.68296,3.2106,2022-02-16T21:00:00.000Z,2022-02-16T22:00:00.000Z
BTCEUR,38750.0,38892.41,38750.0,38754.0,38799.36828,38809.91502,780.07928,0.0201,2022-02-16T22:00:00.000Z,2022-02-16T23:00:00.000Z
BTCEUR,38754.0,38837.55,38629.0,38629.0,38749.80309,38712.89391,375.51506,0.0097,2022-02-16T23:00:00.000Z,2022-02-17T00:00:00.000Z
BTCEUR,38629.0,38775.0,38629.0,38775.0,38737.5,38737.5,77.475,0.002,2022-02-17T00:00:00.000Z,2022-02-17T01:00:00.000Z
BTCEUR,38775.0,38825.0,38754.0,38754.0,38781.09666,38788.15571,135.75854,0.0035,2022-02-17T01:00:00.000Z,2022-02-17T02:00:00.000Z
BTCEUR,38754.0,38775.0,38639.76,38775.0,38702.70809,38710.29689,224.51972,0.0058,2022-02-17T02:00:00.000Z,2022-02-17T03:00:00.000Z
BTCEUR,38775.0,38775.0,38479.0,38479.0,38642.6088,38615.60983,1637.3018,0.0424,2022-02-17T03:00:00.000Z,2022-02-17T04:00:00.000Z
BTCEUR,38454.0,38553.08,38295.65,38495.19,38438.70827,38426.74631,2178.79646,0.0567,2022-02-17T04:00:00.000Z,2022-02-17T05:00:00.000Z
BTCEUR,38495.19,38515.8,38429.0,38429.0,38482.7075,38475.52143,669.47404,0.0174,2022-02-17T05:00:00.000Z,2022-02-17T06:00:00.000Z
BTCEUR,38429.0,38686.4,38429.0,38677.26,38608.49733,38618.66382,787.82071,0.0204,2022-02-17T06:00:00.000Z,2022-02-17T07:00:00.000Z
BTCEUR,38677.26,38677.26,38599.25,38614.74,38623.33744,38614.67726,1768.5522,0.0458,2022-02-17T07:00:00.000Z,2022-02-17T08:00:00.000Z
BTCEUR,38614.74,38711.39,38239.95,38300.18,38451.26918,38354.66056,7590.38727,0.1979,2022-02-17T08:00:00.000Z,2022-02-17T09:00:00.000Z
BTCEUR,38300.18,38300.18,37920.79,38050.0,38069.75749,38060.47864,16571.53239,0.4354,2022-02-17T09:00:00.000Z,2022-02-17T10:00:00.000Z
BTCEUR,38050.0,38196.35,37865.55,37886.69,38054.66235,38038.32997,38023.1146,0.9996,2022-02-17T10:00:00.000Z,2022-02-17T11:00:00.000Z
BTCEUR,37930.5,38066.71,37925.28,38044.52,38001.90466,38056.00331,142070.67155,3.7332,2022-02-17T11:00:00.000Z,2022-02-17T12:00:00.000Z
BTCEUR,38050.0,38174.08,38050.0,38054.0,38121.96233,38143.00188,25750.34056,0.6751,2022-02-17T12:00:00.000Z,2022-02-17T13:00:00.000Z
BTCEUR,38054.0,38149.95,37200.0,37249.09,37607.24187,37605.76382,21540.5814,0.5728,2022-02-17T13:00:00.000Z,2022-02-17T14:00:00.000Z
BTCEUR,37241.06,37325.0,36966.74,36990.0,37187.75354,37062.95442,9180.49373,0.2477,2022-02-17T14:00:00.000Z,2022-02-17T15:00:00.000Z
BTCEUR,36982.97,37100.0,36838.6,36999.98,36996.39678,36981.0625,10177.18833,0.2752,2022-02-17T15:00:00.000Z,2022-02-17T16:00:00.000Z
BTCEUR,36969.15,37142.86,36773.73,36950.42,37010.62815,36987.66675,32219.95645,0.8711,2022-02-17T16:00:00.000Z,2022-02-17T17:00:00.000Z
BTCEUR,36950.42,37024.99,36768.78,36775.55,36913.01471,36924.97738,6321.55606,0.1712,2022-02-17T17:00:00.000Z,2022-02-17T18:00:00.000Z
BTCEUR,36775.55,36936.12,36032.3,36395.9,36367.78643,36369.82061,49903.03076,1.3721,2022-02-17T18:00:00.000Z,2022-02-17T19:00:00.000Z
BTCEUR,36395.9,36404.68,36179.0,36290.6,36281.44269,36263.007,12380.19054,0.3414,2022-02-17T19:00:00.000Z,2022-02-17T20:00:00.000Z
BTCEUR,36277.6,36279.35,36066.69,36109.49,36174.99898,36205.67489,7038.38314,0.1944,2022-02-17T20:00:00.000Z,2022-02-17T21:00:00.000Z
BTCEUR,36096.67,36111.67,35376.2,35878.3,35749.56142,35920.35676,87904.29697,2.4472,2022-02-17T21:00:00.000Z,2022-02-17T22:00:00.000Z
BTCEUR,35878.3,35968.99,35729.0,35923.78,35846.98109,35863.71133,24785.41085,0.6911,2022-02-17T22:00:00.000Z,2022-02-17T23:00:00.000Z
BTCEUR,35923.78,35936.12,35697.6,35697.6,35830.80294,35731.15799,10233.40363,0.2864,2022-02-17T23:00:00.000Z,2022-02-18T00:00:00.000Z
BTCEUR,35697.6,35814.29,35611.31,35750.0,35709.23395,35690.7539,931.52866,0.0261,2022-02-18T00:00:00.000Z,2022-02-18T01:00:00.000Z
BTCEUR,35750.0,36061.63,35654.0,36061.63,35837.79657,35915.22678,14455.87874,0.4025,2022-02-18T01:00:00.000Z,2022-02-18T02:00:00.000Z
BTCEUR,36061.63,36061.63,35904.0,35918.19,35932.02,35930.80707,147.3163,0.0041,2022-02-18T02:00:00.000Z,2022-02-18T03:00:00.000Z
BTCEUR,35918.19,35969.95,35829.0,35900.0,35897.30384,35902.1162,965.76687,0.0269,2022-02-18T03:00:00.000Z,2022-02-18T04:00:00.000Z
BTCEUR,35921.4,35973.0,35774.51,35774.51,35889.33262,35874.37472,2127.35035,0.0593,2022-02-18T04:00:00.000Z,2022-02-18T05:00:00.000Z
BTCEUR,35774.51,35912.59,35767.43,35817.17,35856.79386,35788.54042,28509.15127,0.7966,2022-02-18T05:00:00.000Z,2022-02-18T06:00:00.000Z
BTCEUR,35866.71,35946.0,35812.55,35903.82,35890.716,35886.20562,2648.40189,0.0738,2022-02-18T06:00:00.000Z,2022-02-18T07:00:00.000Z
BTCEUR,35903.82,35963.61,35829.0,35855.35,35902.06257,35901.99831,1360.68573,0.0379,2022-02-18T07:00:00.000Z,2022-02-18T08:00:00.000Z
BTCEUR,35855.35,36058.37,35855.35,36021.91,35945.27476,35963.36162,2488.6646,0.0692,2022-02-18T08:00:00.000Z,2022-02-18T09:00:00.000Z
BTCEUR,36021.91,36074.75,35995.86,36060.63,36047.425,36060.3738,4089.24638,0.1134,2022-02-18T09:00:00.000Z,2022-02-18T10:00:00.000Z
BTCEUR,36060.63,36062.8,35904.0,36062.8,35979.61045,36041.14593,7384.83078,0.2049,2022-02-18T10:00:00.000Z,2022-02-18T11:00:00.000Z
BTCEUR,36062.8,36062.8,35430.38,35430.38,35601.16306,35600.81557,15482.79462,0.4349,2022-02-18T11:00:00.000Z,2022-02-18T12:00:00.000Z
BTCEUR,35430.38,35752.59,35413.38,35700.0,35605.8682,35655.30775,23004.80453,0.6452,2022-02-18T12:00:00.000Z,2022-02-18T13:00:00.000Z
BTCEUR,35693.08,35759.43,35514.5,35675.0,35637.69322,35673.13542,4327.15128,0.1213,2022-02-18T13:00:00.000Z,2022-02-18T14:00:00.000Z
BTCEUR,35675.0,35713.46,35008.13,35639.45,35430.21529,35309.71767,48007.09208,1.3596,2022-02-18T14:00:00.000Z,2022-02-18T15:00:00.000Z
BTCEUR,35713.1,35949.98,35101.91,35164.52,35500.14952,35595.6464,8016.13947,0.2252,2022-02-18T15:00:00.000Z,2022-02-18T16:00:00.000Z
BTCEUR,35164.52,35667.08,34929.0,35356.24,35386.86291,35290.99444,21654.5541,0.6136,2022-02-18T16:00:00.000Z,2022-02-18T17:00:00.000Z
BTCEUR,35356.24,35642.84,35283.57,35417.6,35492.39026,35551.79585,4895.48224,0.1377,2022-02-18T17:00:00.000Z,2022-02-18T18:00:00.000Z
BTCEUR,35417.6,35568.81,35224.21,35520.86,35384.15872,35453.42068,2995.814,0.0845,2022-02-18T18:00:00.000Z,2022-02-18T19:00:00.000Z
BTCEUR,35520.86,35612.75,35462.18,35490.91,35529.10734,35503.77048,6078.24546,0.1712,2022-02-18T19:00:00.000Z,2022-02-18T20:00:00.000Z
BTCEUR,35532.3,35543.4,35343.25,35343.25,35464.92827,35416.05518,1590.18086,0.0449,2022-02-18T20:00:00.000Z,2022-02-18T21:00:00.000Z
BTCEUR,35343.25,35436.31,35323.07,35396.85,35394.83802,35401.59732,1154.09206,0.0326,2022-02-18T21:00:00.000Z,2022-02-18T22:00:00.000Z
BTCEUR,35371.99,35371.99,35190.56,35350.0,35285.18465,35232.10119,3311.81747,0.094,2022-02-18T22:00:00.000Z,2022-02-18T23:00:00.000Z
BTCEUR,35350.0,35452.79,35323.62,35404.27,35414.72145,35433.47926,1789.39068,0.0505,2022-02-18T23:00:00.000Z,2022-02-19T00:00:00.000Z
BTCEUR,35375.89,35553.62,35375.89,35553.62,35484.85875,35499.1351,166.84591,0.0047,2022-02-19T00:00:00.000Z,2022-02-19T01:00:00.000Z
BTCEUR,35553.62,35632.33,35520.3,35520.3,35582.27833,35610.39272,7143.44477,0.2006,2022-02-19T01:00:00.000Z,2022-02-19T02:00:00.000Z
BTCEUR,35520.3,35520.3,35520.3,35520.3,35520.3,35520.3,0.0,0.0,2022-02-19T02:00:00.000Z,2022-02-19T03:00:00.000Z
BTCEUR,35520.3,35579.57,35504.83,35504.83,35532.52625,35521.82999,522.17088,0.0147,2022-02-19T03:00:00.000Z,2022-02-19T04:00:00.000Z
BTCEUR,35504.83,35667.08,35504.83,35579.0,35585.03648,35580.21902,729.39444,0.0205,2022-02-19T04:00:00.000Z,2022-02-19T05:00:00.000Z
BTCEUR,35579.0,35641.46,35568.44,35578.85,35613.77,35612.21492,933.03999,0.0262,2022-02-19T05:00:00.000Z,2022-02-19T06:00:00.000Z
BTCEUR,35627.37,35769.99,35623.28,35769.99,35681.82991,35676.47498,1694.63251,0.0475,2022-02-19T06:00:00.000Z,2022-02-19T07:00:00.000Z
BTCEUR,35769.99,35769.99,35679.0,35679.45,35708.63111,35700.04879,79054.18803,2.2144,2022-02-19T07:00:00.000Z,2022-02-19T08:00:00.000Z
BTCEUR,35679.45,35739.86,35444.28,35444.28,35614.29503,35620.57945,27630.88345,0.7757,2022-02-19T08:00:00.000Z,2022-02-19T09:00:00.000Z
BTCEUR,35436.53,35480.45,35387.84,35387.84,35422.74729,35438.48984,2732.30753,0.0771,2022-02-19T09:00:00.000Z,2022-02-19T10:00:00.000Z
BTCEUR,35387.84,35423.78,35279.0,35334.64,35347.92775,35371.22601,1520.96269,0.043,2022-02-19T10:00:00.000Z,2022-02-19T11:00:00.000Z
BTCEUR,35334.64,35438.62,35160.34,35167.56,35284.14415,35353.51875,10694.43938,0.3025,2022-02-19T11:00:00.000Z,2022-02-19T12:00:00.000Z
BTCEUR,35167.56,35396.4,35167.56,35190.56,35262.14124,35280.13514,2282.62469,0.0647,2022-02-19T12:00:00.000Z,2022-02-19T13:00:00.000Z
BTCEUR,35210.68,35460.0,35144.71,35460.0,35304.84496,35282.94628,3447.14378,0.0977,2022-02-19T13:00:00.000Z,2022-02-19T14:00:00.000Z
BTCEUR,35460.0,35460.0,35279.0,35328.06,35343.41764,35362.0159,2874.93184,0.0813,2022-02-19T14:00:00.000Z,2022-02-19T15:00:00.000Z
BTCEUR,35328.06,35426.78,35328.06,35421.85,35397.80124,35419.4162,1083.83413,0.0306,2022-02-19T15:00:00.000Z,2022-02-19T16:00:00.000Z
BTCEUR,35421.85,35700.0,35367.45,35367.45,35529.28309,35487.43692,6160.61901,0.1736,2022-02-19T16:00:00.000Z,2022-02-19T17:00:00.000Z
BTCEUR,35367.45,35588.43,35367.45,35581.73,35533.73809,35576.75887,3297.96553,0.0927,2022-02-19T17:00:00.000Z,2022-02-19T18:00:00.000Z
BTCEUR,35581.73,35581.73,35521.49,35550.0,35540.797,35548.6622,611.43698,0.0172,2022-02-19T18:00:00.000Z,2022-02-19T19:00:00.000Z
BTCEUR,35550.0,35550.0,35411.8,35449.02,35488.24666,35468.84731,145.42227,0.0041,2022-02-19T19:00:00.000Z,2022-02-19T20:00:00.000Z
BTCEUR,35449.02,35524.67,35371.12,35371.12,35443.75228,35382.38423,367283.30135,10.3804,2022-02-19T20:00:00.000Z,2022-02-19T21:00:00.000Z
BTCEUR,35371.12,35428.22,35233.86,35318.96,35317.05516,35359.74569,2701.48455,0.0764,2022-02-19T21:00:00.000Z,2022-02-19T22:00:00.000Z
BTCEUR,35318.96,35429.99,35318.96,35414.9,35391.197,35391.22615,534.4075,0.0151,2022-02-19T22:00:00.000Z,2022-02-19T23:00:00.000Z
BTCEUR,35403.51,35430.0,35403.51,35430.0,35425.585,35429.94926,92496.96855,2.6107,2022-02-19T23:00:00.000Z,2022-02-20T00:00:00.000Z
BTCEUR,35430.0,35454.0,35430.0,35454.0,35452.64,35453.76064,443.172,0.0125,2022-02-20T00:00:00.000Z,2022-02-20T01:00:00.000Z
BTCEUR,35454.0,35454.0,35254.0,35349.12,35292.51,35331.88,264.9891,0.0075,2022-02-20T01:00:00.000Z,2022-02-20T02:00:00.000Z
BTCEUR,35349.12,35389.72,35250.36,35250.36,35311.60066,35335.72353,289.75292,0.0082,2022-02-20T02:00:00.000Z,2022-02-20T03:00:00.000Z
BTCEUR,35250.36,35277.92,35154.0,35154.0,35228.35222,35222.65013,1056.67946,0.03,2022-02-20T03:00:00.000Z,2022-02-20T04:00:00.000Z
BTCEUR,35154.0,35187.3,34950.0,34950.0,35098.70024,35081.61427,2115.42128,0.0603,2022-02-20T04:00:00.000Z,2022-02-20T05:00:00.000Z
BTCEUR,35005.98,35079.53,34804.0,34824.01,34980.49819,34909.60436,10259.93266,0.2939,2022-02-20T05:00:00.000Z,2022-02-20T06:00:00.000Z
BTCEUR,34824.01,34824.01,34241.91,34241.91,34417.90394,34423.43735,24712.58565,0.7179,2022-02-20T06:00:00.000Z,2022-02-20T07:00:00.000Z
BTCEUR,34316.83,34325.0,34145.46,34275.0,34252.13552,34204.0485,15306.31165,0.4475,2022-02-20T07:00:00.000Z,2022-02-20T08:00:00.000Z
BTCEUR,34275.0,34275.0,33649.56,33729.0,33916.81517,33928.57451,46448.21841,1.369,2022-02-20T08:00:00.000Z,2022-02-20T09:00:00.000Z
BTCEUR,33700.32,33875.0,33622.91,33744.27,33764.58334,33782.05522,14357.37341,0.425,2022-02-20T09:00:00.000Z,2022-02-20T10:00:00.000Z
BTCEUR,33744.27,33860.0,33744.27,33754.0,33815.29464,33812.74401,429.42183,0.0127,2022-02-20T10:00:00.000Z,2022-02-20T11:00:00.000Z
BTCEUR,33754.0,33825.0,33754.0,33825.0,33785.82944,33791.55484,564.31894,0.0167,2022-02-20T11:00:00.000Z,2022-02-20T12:00:00.000Z
BTCEUR,33825.0,34093.5,33808.49,33808.49,33929.73495,33999.60295,34512.99693,1.0151,2022-02-20T12:00:00.000Z,2022-02-20T13:00:00.000Z
BTCEUR,33808.49,33851.31,33785.35,33817.78,33818.12227,33838.03592,2111.49339,0.0624,2022-02-20T13:00:00.000Z,2022-02-20T14:00:00.000Z
BTCEUR,33817.78,33826.3,33630.1,33750.0,33715.23068,33662.00984,9290.71466,0.276,2022-02-20T14:00:00.000Z,2022-02-20T15:00:00.000Z
BTCEUR,33750.0,33900.0,33750.0,33900.0,33818.68975,33767.60326,4957.08412,0.1468,2022-02-20T15:00:00.000Z,2022-02-20T16:00:00.000Z
BTCEUR,33900.0,34000.0,33850.58,33893.64,33907.47806,33901.66863,3722.40317,0.1098,2022-02-20T16:00:00.000Z,2022-02-20T17:00:00.000Z
BTCEUR,33867.8,33945.1,33792.79,33850.93,33875.14333,33893.59843,1803.13941,0.0532,2022-02-20T17:00:00.000Z,2022-02-20T18:00:00.000Z
BTCEUR,33850.93,33950.0,33754.0,33950.0,33862.33522,33832.12335,483.79935,0.0143,2022-02-20T18:00:00.000Z,2022-02-20T19:00:00.000Z
BTCEUR,33950.0,33957.05,33900.0,33934.55,33925.99,33902.81198,4278.53487,0.1262,2022-02-20T19:00:00.000Z,2022-02-20T20:00:00.000Z
BTCEUR,33934.55,33934.55,33814.2,33871.41,33870.04583,33816.44215,7074.39968,0.2092,2022-02-20T20:00:00.000Z,2022-02-20T21:00:00.000Z
BTCEUR,33871.41,33871.41,33664.8,33750.0,33749.53994,33750.34855,3344.65952,0.0991,2022-02-20T21:00:00.000Z,2022-02-20T22:00:00.000Z
BTCEUR,33800.0,34288.61,33800.0,34288.61,33980.64292,34100.42646,36879.61119,1.0815,2022-02-20T22:00:00.000Z,2022-02-20T23:00:00.000Z
BTCEUR,34325.0,34443.82,33929.0,33929.0,34176.97528,34318.73417,5182.1288,0.151,2022-02-20T23:00:00.000Z,2022-02-21T00:00:00.000Z
BTCEUR,33929.0,34156.68,33826.46,34156.68,33957.12407,34039.62637,1266.27406,0.0372,2022-02-21T00:00:00.000Z,2022-02-21T01:00:00.000Z
BTCEUR,34183.66,34712.0,34129.3,34550.94,34459.60695,34513.12071,6305.54708,0.1827,2022-02-21T01:00:00.000Z,2022-02-21T02:00:00.000Z
BTCEUR,34550.94,34577.35,34468.45,34504.0,34523.88148,34559.77609,14086.56471,0.4076,2022-02-21T02:00:00.000Z,2022-02-21T03:00:00.000Z
BTCEUR,34504.0,34583.07,34258.03,34258.03,34466.87673,34461.68321,22868.77289,0.6636,2022-02-21T03:00:00.000Z,2022-02-21T04:00:00.000Z
BTCEUR,34258.03,34525.0,34258.03,34525.0,34430.075,34470.67315,196.48282,0.0057,2022-02-21T04:00:00.000Z,2022-02-21T05:00:00.000Z
BTCEUR,34525.0,34525.0,34525.0,34525.0,34525.0,34525.0,0.0,0.0,2022-02-21T05:00:00.000Z,2022-02-21T06:00:00.000Z
BTCEUR,34525.0,34560.0,34525.0,34549.0,34549.09,34547.9606,228.01653,0.0066,2022-02-21T06:00:00.000Z,2022-02-21T07:00:00.000Z
BTCEUR,34549.0,34575.0,34422.28,34575.0,34472.09328,34426.86189,36275.58431,1.0537,2022-02-21T07:00:00.000Z,2022-02-21T08:00:00.000Z
BTCEUR,34575.0,34599.94,34429.0,34429.0,34512.78163,34466.32811,40270.45773,1.1684,2022-02-21T08:00:00.000Z,2022-02-21T09:00:00.000Z
BTCEUR,34445.74,34450.0,34316.73,34341.23,34405.28713,34375.17969,49369.63299,1.4362,2022-02-21T09:00:00.000Z,2022-02-21T10:00:00.000Z
BTCEUR,34341.23,34358.12,33768.08,33819.32,34065.28866,34060.24305,12731.71877,0.3738,2022-02-21T10:00:00.000Z,2022-02-21T11:00:00.000Z
BTCEUR,33788.84,33844.36,33047.09,33221.56,33496.24494,33406.70642,68002.69151,2.0356,2022-02-21T11:00:00.000Z,2022-02-21T12:00:00.000Z
BTCEUR,33190.16,33318.74,33064.08,33081.79,33178.70441,33117.74301,5931.38769,0.1791,2022-02-21T12:00:00.000Z,2022-02-21T13:00:00.000Z
BTCEUR,33124.8,33250.0,32920.92,33175.0,33099.22347,33106.69874,60168.11424,1.8174,2022-02-21T13:00:00.000Z,2022-02-21T14:00:00.000Z
BTCEUR,33175.0,34299.74,33153.43,34240.17,33900.74172,33882.85051,44000.26957,1.2986,2022-02-21T14:00:00.000Z,2022-02-21T15:00:00.000Z
BTCEUR,34240.17,34628.83,34202.3,34275.0,34381.23005,34369.56903,6378.99195,0.1856,2022-02-21T15:00:00.000Z,2022-02-21T16:00:00.000Z
BTCEUR,34307.13,34539.78,34198.32,34232.43,34385.60068,34364.40743,4329.91527,0.126,2022-02-21T16:00:00.000Z,2022-02-21T17:00:00.000Z
BTCEUR,34232.43,34306.6,34024.48,34024.48,34170.96842,34141.00581,4947.03169,0.1449,2022-02-21T17:00:00.000Z,2022-02-21T18:00:00.000Z
BTCEUR,34024.48,34100.0,33263.51,33367.06,33543.70823,33549.74771,30177.99798,0.8995,2022-02-21T18:00:00.000Z,2022-02-21T19:00:00.000Z
BTCEUR,33367.06,33826.47,33313.44,33764.33,33543.41842,33659.26375,73424.31784,2.1814,2022-02-21T19:00:00.000Z,2022-02-21T20:00:00.000Z
BTCEUR,33722.75,33950.0,33629.0,33829.0,33793.57627,33778.40312,34906.60177,1.0334,2022-02-21T20:00:00.000Z,2022-02-21T21:00:00.000Z
BTCEUR,33829.0,33877.5,32788.3,32793.68,33517.56462,33252.95317,18066.32936,0.5433,2022-02-21T21:00:00.000Z,2022-02-21T22:00:00.000Z
BTCEUR,32785.0,33350.0,32604.0,33254.0,33011.06806,32856.65132,13214.94506,0.4022,2022-02-21T22:00:00.000Z,2022-02-21T23:00:00.000Z
BTCEUR,33229.0,33289.04,32672.81,32766.39,32940.67522,33260.96959,62357.6657,1.8748,2022-02-21T23:00:00.000Z,2022-02-22T00:00:00.000Z
BTCEUR,32766.39,32975.0,32646.56,32904.0,32816.46186,32777.85265,2287.89407,0.0698,2022-02-22T00:00:00.000Z,2022-02-22T01:00:00.000Z
BTCEUR,32904.0,33100.0,32679.0,32954.0,32881.52943,32803.35351,17490.74807,0.5332,2022-02-22T01:00:00.000Z,2022-02-22T02:00:00.000Z
BTCEUR,32954.0,32954.0,32704.0,32775.0,32786.34645,32805.76405,679.0793,0.0207,2022-02-22T02:00:00.000Z,2022-02-22T03:00:00.000Z
BTCEUR,32775.0,32775.0,32775.0,32775.0,32775.0,32775.0,0.0,0.0,2022-02-22T03:00:00.000Z,2022-02-22T04:00:00.000Z
BTCEUR,32775.0,32775.0,32775.0,32775.0,32775.0,32775.0,0.0,0.0,2022-02-22T04:00:00.000Z,2022-02-22T05:00:00.000Z
BTCEUR,32775.0,32775.0,32775.0,32775.0,32775.0,32775.0,0.0,0.0,2022-02-22T05:00:00.000Z,2022-02-22T06:00:00.000Z
BTCEUR,32775.0,32775.0,32775.0,32775.0,32775.0,32775.0,0.0,0.0,2022-02-22T06:00:00.000Z,2022-02-22T07:00:00.000Z
BTCEUR,32775.0,32775.0,32496.69,32600.0,32604.16444,32638.78642,1909.36899,0.0585,2022-02-22T07:00:00.000Z,2022-02-22T08:00:00.000Z
BTCEUR,32600.0,32825.0,32554.0,32825.0,32695.02488,32690.88653,18996.67415,0.5811,2022-02-22T08:00:00.000Z,2022-02-22T09:00:00.000Z
BTCEUR,32825.0,32945.74,32754.0,32889.22,32855.39006,32873.58745,33369.97858,1.0151,2022-02-22T09:00:00.000Z,2022-02-22T10:00:00.000Z
BTCEUR,32889.22,33408.97,32812.64,33338.76,33122.66293,33271.39185,43728.59023,1.3143,2022-02-22T10:00:00.000Z,2022-02-22T11:00:00.000Z
BTCEUR,33304.0,33324.99,33104.0,33179.0,33194.2238,33272.38125,49649.04721,1.4922,2022-02-22T11:00:00.000Z,2022-02-22T12:00:00.000Z
BTCEUR,33161.53,33275.1,32953.17,33182.37,33161.97735,33183.48271,29453.65917,0.8876,2022-02-22T12:00:00.000Z,2022-02-22T13:00:00.000Z
BTCEUR,33182.37,33500.0,33004.0,33500.0,33175.16726,33182.16128,21319.53855,0.6425,2022-02-22T13:00:00.000Z,2022-02-22T14:00:00.000Z
BTCEUR,33444.53,33752.65,33104.0,33668.18,33323.62101,33404.36886,68382.08343,2.0471,2022-02-22T14:00:00.000Z,2022-02-22T15:00:00.000Z
BTCEUR,33668.18,33700.0,33329.0,33351.97,33581.87062,33534.88896,11844.52266,0.3532,2022-02-22T15:00:00.000Z,2022-02-22T16:00:00.000Z
BTCEUR,33351.97,33472.09,33129.0,33254.0,33269.26515,33293.33375,5852.96798,0.1758,2022-02-22T16:00:00.000Z,2022-02-22T17:00:00.000Z
BTCEUR,33254.0,33386.53,33083.29,33292.8,33229.23486,33229.08967,6775.41135,0.2039,2022-02-22T17:00:00.000Z,2022-02-22T18:00:00.000Z
BTCEUR,33292.8,33516.75,33229.0,33404.0,33355.53736,33470.86058,14917.96253,0.4457,2022-02-22T18:00:00.000Z,2022-02-22T19:00:00.000Z
BTCEUR,33329.0,33691.42,33285.9,33643.77,33454.00929,33510.17547,6715.4391,0.2004,2022-02-22T19:00:00.000Z,2022-02-22T20:00:00.000Z
BTCEUR,33643.77,33775.17,33429.0,33525.0,33632.15474,33710.79901,13015.73944,0.3861,2022-02-22T20:00:00.000Z,2022-02-22T21:00:00.000Z
BTCEUR,33539.68,33610.07,33488.53,33488.53,33553.5525,33545.69974,37453.77374,1.1165,2022-02-22T21:00:00.000Z,2022-02-22T22:00:00.000Z
BTCEUR,33488.53,33570.18,33429.0,33500.0,33493.37166,33513.58767,1746.0579,0.0521,2022-02-22T22:00:00.000Z,2022-02-22T23:00:00.000Z
BTCEUR,33500.0,33974.27,33500.0,33879.0,33780.62402,33772.26166,9408.95207,0.2786,2022-02-22T23:00:00.000Z,2022-02-23T00:00:00.000Z
BTCEUR,33879.0,33879.0,33679.0,33749.02,33765.47291,33750.41999,536.63166,0.0159,2022-02-23T00:00:00.000Z,2022-02-23T01:00:00.000Z
BTCEUR,33749.02,33749.02,33522.41,33522.41,33616.46541,33641.2838,282.58676,0.0084,2022-02-23T01:00:00.000Z,2022-02-23T02:00:00.000Z
BTCEUR,33522.41,33730.41,33313.44,33313.44,33510.04902,33419.82626,1681.01723,0.0503,2022-02-23T02:00:00.000Z,2022-02-23T03:00:00.000Z
BTCEUR,33313.44,33313.44,33313.44,33313.44,33313.44,33313.44,0.0,0.0,2022-02-23T03:00:00.000Z,2022-02-23T04:00:00.000Z
BTCEUR,33313.44,33313.44,33313.44,33313.44,33313.44,33313.44,0.0,0.0,2022-02-23T04:00:00.000Z,2022-02-23T05:00:00.000Z
BTCEUR,33313.44,33313.44,33313.44,33313.44,33313.44,33313.44,0.0,0.0,2022-02-23T05:00:00.000Z,2022-02-23T06:00:00.000Z
BTCEUR,33313.44,33313.44,33313.44,33313.44,33313.44,33313.44,0.0,0.0,2022-02-23T06:00:00.000Z,2022-02-23T07:00:00.000Z
BTCEUR,33313.44,33749.99,33313.44,33707.88,33703.90756,33699.31315,2156.75597,0.064,2022-02-23T07:00:00.000Z,2022-02-23T08:00:00.000Z
BTCEUR,33707.88,34258.63,33677.5,34147.02,34063.4877,33955.20334,7775.74147,0.229,2022-02-23T08:00:00.000Z,2022-02-23T09:00:00.000Z
BTCEUR,34182.48,34474.63,34180.0,34304.0,34306.16816,34317.03475,6153.04426,0.1793,2022-02-23T09:00:00.000Z,2022-02-23T10:00:00.000Z
BTCEUR,34317.61,34402.89,34239.28,34373.33,34332.61901,34356.89748,8757.5731,0.2549,2022-02-23T10:00:00.000Z,2022-02-23T11:00:00.000Z
BTCEUR,34373.33,34475.0,34279.0,34279.0,34334.14361,34328.74958,80370.4685,2.3412,2022-02-23T11:00:00.000Z,2022-02-23T12:00:00.000Z
BTCEUR,34279.0,34519.34,34245.59,34492.16,34397.0698,34365.52463,53998.54882,1.5713,2022-02-23T12:00:00.000Z,2022-02-23T13:00:00.000Z
BTCEUR,34492.16,34600.29,34404.0,34440.13,34495.46608,34511.631,27395.33266,0.7938,2022-02-23T13:00:00.000Z,2022-02-23T14:00:00.000Z
BTCEUR,34446.86,34446.86,34174.68,34174.68,34329.43582,34336.6129,9858.04152,0.2871,2022-02-23T14:00:00.000Z,2022-02-23T15:00:00.000Z
BTCEUR,34191.7,34199.43,33979.0,34005.03,34085.90401,34046.15262,31445.02652,0.9236,2022-02-23T15:00:00.000Z,2022-02-23T16:00:00.000Z
BTCEUR,34005.03,34128.77,33950.0,34128.77,34030.92538,34008.82456,463819.15114,13.6382,2022-02-23T16:00:00.000Z,2022-02-23T17:00:00.000Z
BTCEUR,34128.77,34140.0,33673.67,33673.67,33994.69121,34081.86778,166755.76265,4.8928,2022-02-23T17:00:00.000Z,2022-02-23T18:00:00.000Z
BTCEUR,33673.67,33690.87,33391.06,33404.0,33486.60921,33491.4722,18108.83895,0.5407,2022-02-23T18:00:00.000Z,2022-02-23T19:00:00.000Z
BTCEUR,33404.0,33419.99,33124.57,33297.78,33327.77869,33181.72929,15864.18473,0.4781,2022-02-23T19:00:00.000Z,2022-02-23T20:00:00.000Z
BTCEUR,33297.78,33303.4,32958.82,33200.0,33189.45301,33203.96387,48481.10763,1.4601,2022-02-23T20:00:00.000Z,2022-02-23T21:00:00.000Z
BTCEUR,33200.0,33300.0,33084.53,33182.99,33213.07574,33175.71734,11983.0691,0.3612,2022-02-23T21:00:00.000Z,2022-02-23T22:00:00.000Z
BTCEUR,33182.99,33182.99,32708.4,33157.14,32929.89459,32824.57052,16747.09587,0.5102,2022-02-23T22:00:00.000Z,2022-02-23T23:00:00.000Z
BTCEUR,33157.14,33189.56,32884.3,32954.0,33025.56394,33093.34544,39486.97976,1.1932,2022-02-23T23:00:00.000Z,2022-02-24T00:00:00.000Z
BTCEUR,32954.0,33075.0,32554.0,32554.0,32842.0883,32666.59947,11292.84341,0.3457,2022-02-24T00:00:00.000Z,2022-02-24T01:00:00.000Z
BTCEUR,32554.0,32757.15,32489.68,32757.15,32605.08158,32552.35065,4231.80556,0.13,2022-02-24T01:00:00.000Z,2022-02-24T02:00:00.000Z
BTCEUR,32757.15,32757.15,31825.24,31825.24,32479.97278,32201.30472,44766.25379,1.3902,2022-02-24T02:00:00.000Z,2022-02-24T03:00:00.000Z
BTCEUR,31825.24,31825.24,31600.0,31604.0,31663.04151,31638.4944,3141.70249,0.0993,2022-02-24T03:00:00.000Z,2022-02-24T04:00:00.000Z
BTCEUR,31604.0,31604.0,31604.0,31604.0,31604.0,31604.0,0.0,0.0,2022-02-24T04:00:00.000Z,2022-02-24T05:00:00.000Z
BTCEUR,31604.0,31604.0,31604.0,31604.0,31604.0,31604.0,0.0,0.0,2022-02-24T05:00:00.000Z,2022-02-24T06:00:00.000Z
BTCEUR,31604.0,31604.0,31604.0,31604.0,31604.0,31604.0,0.0,0.0,2022-02-24T06:00:00.000Z,2022-02-24T07:00:00.000Z
BTCEUR,31604.0,31604.0,30609.08,31428.66,31067.1306,31147.39615,95071.19719,3.0523,2022-02-24T07:00:00.000Z,2022-02-24T08:00:00.000Z
BTCEUR,31404.0,31871.01,31354.0,31672.12,31585.64295,31623.23013,312396.40335,9.8787,2022-02-24T08:00:00.000Z,2022-02-24T09:00:00.000Z
BTCEUR,31672.12,31900.78,31485.09,31580.31,31707.54109,31700.18782,607971.56207,19.1788,2022-02-24T09:00:00.000Z,2022-02-24T10:00:00.000Z
BTCEUR,31566.36,31720.2,31206.48,31550.76,31483.67794,31468.37517,624257.0392,19.8376,2022-02-24T10:00:00.000Z,2022-02-24T11:00:00.000Z
BTCEUR,31550.76,31825.0,31324.03,31725.0,31542.09737,31504.69255,23200.05551,0.7364,2022-02-24T11:00:00.000Z,2022-02-24T12:00:00.000Z
BTCEUR,31725.0,31784.69,31406.46,31607.81,31581.98179,31624.70682,78027.63901,2.4673,2022-02-24T12:00:00.000Z,2022-02-24T13:00:00.000Z
BTCEUR,31607.81,32002.3,31513.1,31838.45,31771.08047,31883.241,866497.21748,27.1772,2022-02-24T13:00:00.000Z,2022-02-24T14:00:00.000Z
BTCEUR,31855.6,32114.87,31448.22,32000.0,31799.42208,31809.43051,1268108.39499,39.8658,2022-02-24T14:00:00.000Z,2022-02-24T15:00:00.000Z
BTCEUR,32000.0,32425.0,31849.7,32354.0,32146.72025,32189.13946,14214.72393,0.4416,2022-02-24T15:00:00.000Z,2022-02-24T16:00:00.000Z
BTCEUR,32354.0,32622.88,32272.57,32475.0,32466.20772,32423.89692,55046.04975,1.6977,2022-02-24T16:00:00.000Z,2022-02-24T17:00:00.000Z
BTCEUR,32470.0,32470.0,32129.99,32173.6,32239.5585,32228.15307,616292.52545,19.1228,2022-02-24T17:00:00.000Z,2022-02-24T18:00:00.000Z
BTCEUR,32171.17,32829.26,32141.87,32604.0,32319.15237,32281.20229,197728.82004,6.1252,2022-02-24T18:00:00.000Z,2022-02-24T19:00:00.000Z
BTCEUR,32570.6,33388.71,32479.0,33388.71,32894.96563,33138.58884,85076.69906,2.5673,2022-02-24T19:00:00.000Z,2022-02-24T20:00:00.000Z
BTCEUR,33388.71,35148.5,33388.71,34290.71,34329.84329,34248.76086,151382.94779,4.4201,2022-02-24T20:00:00.000Z,2022-02-24T21:00:00.000Z
BTCEUR,34300.0,34350.21,34179.0,34350.21,34264.70117,34281.05496,3890.89971,0.1135,2022-02-24T21:00:00.000Z,2022-02-24T22:00:00.000Z
BTCEUR,34350.21,34399.99,33783.48,33783.48,34126.64891,34151.78408,2844.84356,0.0833,2022-02-24T22:00:00.000Z,2022-02-24T23:00:00.000Z
BTCEUR,33783.48,34283.06,33783.48,34257.68,34090.75962,34021.92014,5341.44144,0.157,2022-02-24T23:00:00.000Z,2022-02-25T00:00:00.000Z
BTCEUR,34257.68,34416.11,34203.11,34203.11,34291.62212,34310.33376,737.67215,0.0215,2022-02-25T00:00:00.000Z,2022-02-25T01:00:00.000Z
BTCEUR,34179.0,34523.53,34146.47,34379.0,34318.06966,34431.42492,2661.54913,0.0773,2022-02-25T01:00:00.000Z,2022-02-25T02:00:00.000Z
BTCEUR,34379.0,34539.78,34379.0,34539.78,34483.52,34479.83399,568.91724,0.0165,2022-02-25T02:00:00.000Z,2022-02-25T03:00:00.000Z
BTCEUR,34539.78,34576.73,34429.0,34576.73,34504.75281,34514.29786,1439.24616,0.0417,2022-02-25T03:00:00.000Z,2022-02-25T04:00:00.000Z
BTCEUR,34576.73,34588.64,34576.73,34588.56,34588.57545,34588.56973,774.78396,0.0224,2022-02-25T04:00:00.000Z,2022-02-25T05:00:00.000Z
BTCEUR,34588.56,34588.56,34588.56,34588.56,34588.56,34588.56,0.0,0.0,2022-02-25T05:00:00.000Z,2022-02-25T06:00:00.000Z
BTCEUR,34588.56,34589.04,34510.16,34589.04,34549.45805,34515.85451,1069.99148,0.031,2022-02-25T06:00:00.000Z,2022-02-25T07:00:00.000Z
BTCEUR,34588.74,34650.0,34279.0,34358.45,34468.20556,34548.61674,13840.1758,0.4006,2022-02-25T07:00:00.000Z,2022-02-25T08:00:00.000Z
BTCEUR,34358.45,34380.4,34183.23,34376.41,34294.08595,34305.98563,13441.0851,0.3918,2022-02-25T08:00:00.000Z,2022-02-25T09:00:00.000Z
BTCEUR,34355.42,34460.83,34088.1,34460.83,34266.95043,34277.19275,56588.21745,1.6509,2022-02-25T09:00:00.000Z,2022-02-25T10:00:00.000Z
BTCEUR,34475.0,34649.99,34475.0,34599.68,34567.72624,34560.29781,13741.17436,0.3976,2022-02-25T10:00:00.000Z,2022-02-25T11:00:00.000Z
BTCEUR,34599.68,34746.93,34391.84,34700.0,34565.65969,34517.63825,23879.30213,0.6918,2022-02-25T11:00:00.000Z,2022-02-25T12:00:00.000Z
BTCEUR,34712.0,35175.0,34654.0,35112.63,34858.74061,34981.51889,151816.29379,4.3399,2022-02-25T12:00:00.000Z,2022-02-25T13:00:00.000Z
BTCEUR,35112.63,35325.0,35054.0,35054.0,35172.08259,35121.30943,73129.59047,2.0822,2022-02-25T13:00:00.000Z,2022-02-25T14:00:00.000Z
BTCEUR,35029.72,35153.46,34760.55,34760.55,34967.90581,34945.0965,55803.82456,1.5969,2022-02-25T14:00:00.000Z,2022-02-25T15:00:00.000Z
BTCEUR,34754.0,35232.47,34531.73,35152.8,34907.16886,35028.38843,519852.80994,14.8409,2022-02-25T15:00:00.000Z,2022-02-25T16:00:00.000Z
BTCEUR,35152.79,35276.1,34916.73,35003.35,35069.6001,35102.93866,66621.86718,1.8979,2022-02-25T16:00:00.000Z,2022-02-25T17:00:00.000Z
BTCEUR,35003.35,35003.35,34673.22,34750.76,34822.94736,34816.88128,6942.48609,0.1994,2022-02-25T17:00:00.000Z,2022-02-25T18:00:00.000Z
BTCEUR,34768.29,34768.29,34268.28,34350.0,34513.43663,34477.0476,8171.06022,0.237,2022-02-25T18:00:00.000Z,2022-02-25T19:00:00.000Z
BTCEUR,34350.0,34621.51,34154.01,34456.06,34443.91867,34352.84031,16853.50342,0.4906,2022-02-25T19:00:00.000Z,2022-02-25T20:00:00.000Z
BTCEUR,34380.0,34800.0,34336.46,34800.0,34540.10388,34463.15841,30717.01306,0.8913,2022-02-25T20:00:00.000Z,2022-02-25T21:00:00.000Z
BTCEUR,34800.0,34815.34,34600.0,34600.0,34698.21222,34606.35658,5758.49773,0.1664,2022-02-25T21:00:00.000Z,2022-02-25T22:00:00.000Z
BTCEUR,34600.0,34600.0,34500.0,34550.0,34537.64091,34528.6862,375744.61615,10.8821,2022-02-25T22:00:00.000Z,2022-02-25T23:00:00.000Z
BTCEUR,34550.0,34800.0,34550.0,34800.0,34769.07184,34796.25306,137688.77336,3.957,2022-02-25T23:00:00.000Z,2022-02-26T00:00:00.000Z
BTCEUR,34800.0,34800.0,34718.8,34800.0,34796.58465,34798.94759,103669.54478,2.9791,2022-02-26T00:00:00.000Z,2022-02-26T01:00:00.000Z
BTCEUR,34800.0,34800.0,34800.0,34800.0,34800.0,34800.0,8352.0,0.24,2022-02-26T01:00:00.000Z,2022-02-26T02:00:00.000Z
BTCEUR,34800.0,34800.0,34800.0,34800.0,34800.0,34800.0,3208.56,0.0922,2022-02-26T02:00:00.000Z,2022-02-26T03:00:00.000Z
BTCEUR,34800.0,34800.0,34800.0,34800.0,34800.0,34800.0,31.32,0.0009,2022-02-26T03:00:00.000Z,2022-02-26T04:00:00.000Z
BTCEUR,34800.0,34800.0,34798.5,34800.0,34799.2525,34798.58778,455.8615,0.0131,2022-02-26T04:00:00.000Z,2022-02-26T05:00:00.000Z
BTCEUR,34800.0,34800.0,34654.0,34654.0,34747.79463,34775.62341,5299.80498,0.1524,2022-02-26T05:00:00.000Z,2022-02-26T06:00:00.000Z
BTCEUR,34654.0,34800.0,34654.0,34796.55,34773.71666,34794.36815,13047.88801,0.375,2022-02-26T06:00:00.000Z,2022-02-26T07:00:00.000Z
BTCEUR,34796.55,34800.0,34654.0,34800.0,34746.30055,34793.49426,9265.50751,0.2663,2022-02-26T07:00:00.000Z,2022-02-26T08:00:00.000Z
BTCEUR,34800.0,34951.3,34390.81,34390.81,34716.40212,34798.09888,66951.54222,1.924,2022-02-26T08:00:00.000Z,2022-02-26T09:00:00.000Z
BTCEUR,34390.81,34535.68,34309.65,34404.0,34456.31841,34426.78207,2764.47058,0.0803,2022-02-26T09:00:00.000Z,2022-02-26T10:00:00.000Z
BTCEUR,34404.0,34647.04,34404.0,34647.04,34579.50541,34588.09762,5492.58984,0.1588,2022-02-26T10:00:00.000Z,2022-02-26T11:00:00.000Z
BTCEUR,34647.04,34722.87,34509.94,34619.39,34616.23394,34614.99026,7265.68639,0.2099,2022-02-26T11:00:00.000Z,2022-02-26T12:00:00.000Z
BTCEUR,34619.39,34647.26,34487.83,34647.26,34566.38245,34575.9644,39803.85019,1.1512,2022-02-26T12:00:00.000Z,2022-02-26T13:00:00.000Z
BTCEUR,34652.54,34825.0,34638.11,34729.0,34741.62551,34732.69675,24972.80892,0.719,2022-02-26T13:00:00.000Z,2022-02-26T14:00:00.000Z
BTCEUR,34729.0,34868.02,34654.0,34817.33,34781.79166,34776.33433,5532.91474,0.1591,2022-02-26T14:00:00.000Z,2022-02-26T15:00:00.000Z
BTCEUR,34817.33,34924.99,34817.33,34889.33,34862.11655,34865.36085,7750.56966,0.2223,2022-02-26T15:00:00.000Z,2022-02-26T16:00:00.000Z
BTCEUR,34829.0,34920.27,34722.07,34780.0,34827.87222,34818.3413,2823.76746,0.0811,2022-02-26T16:00:00.000Z,2022-02-26T17:00:00.000Z
BTCEUR,34780.0,34900.0,34723.79,34872.08,34807.94307,34777.40924,2215.32094,0.0637,2022-02-26T17:00:00.000Z,2022-02-26T18:00:00.000Z
BTCEUR,34872.08,34872.08,34500.0,34700.84,34672.50317,34650.46484,4320.91291,0.1247,2022-02-26T18:00:00.000Z,2022-02-26T19:00:00.000Z
BTCEUR,34700.84,34949.0,34700.84,34903.77,34852.57888,34902.41475,9231.68865,0.2645,2022-02-26T19:00:00.000Z,2022-02-26T20:00:00.000Z
BTCEUR,34903.77,34962.83,34823.52,34962.83,34921.91506,34926.97817,3171.36958,0.0908,2022-02-26T20:00:00.000Z,2022-02-26T21:00:00.000Z
BTCEUR,34962.83,34999.87,34959.33,34992.2,34977.79022,34978.23438,6096.7062,0.1743,2022-02-26T21:00:00.000Z,2022-02-26T22:00:00.000Z
BTCEUR,34992.2,34997.76,34734.84,34734.84,34847.10666,34804.68212,2512.89803,0.0722,2022-02-26T22:00:00.000Z,2022-02-26T23:00:00.000Z
BTCEUR,34734.84,34763.87,34263.14,34580.36,34611.38544,34420.64385,19492.41058,0.5663,2022-02-26T23:00:00.000Z,2022-02-27T00:00:00.000Z
BTCEUR,34580.36,34625.78,34413.01,34413.01,34478.54333,34458.60373,6085.38937,0.1766,2022-02-27T00:00:00.000Z,2022-02-27T01:00:00.000Z
BTCEUR,34413.01,34413.01,34000.0,34000.0,34163.82607,34139.70542,6629.93077,0.1942,2022-02-27T01:00:00.000Z,2022-02-27T02:00:00.000Z
BTCEUR,33979.0,34150.0,33957.8,34150.0,34082.36114,34005.6939,574.69622,0.0169,2022-02-27T02:00:00.000Z,2022-02-27T03:00:00.000Z
BTCEUR,34225.0,34323.18,34225.0,34319.84,34300.56362,34285.91426,4529.16922,0.1321,2022-02-27T03:00:00.000Z,2022-02-27T04:00:00.000Z
BTCEUR,34319.9,34323.18,34246.42,34263.88,34299.79968,34300.74759,1629.28544,0.0475,2022-02-27T04:00:00.000Z,2022-02-27T05:00:00.000Z
BTCEUR,34263.88,34320.12,34219.4,34319.78,34268.875,34269.02951,860.15263,0.0251,2022-02-27T05:00:00.000Z,2022-02-27T06:00:00.000Z
BTCEUR,34319.78,34453.99,34319.78,34453.99,34437.14,34414.91488,7099.79694,0.2063,2022-02-27T06:00:00.000Z,2022-02-27T07:00:00.000Z
BTCEUR,34453.99,34493.83,34453.99,34490.37,34483.46166,34486.9474,279.34427,0.0081,2022-02-27T07:00:00.000Z,2022-02-27T08:00:00.000Z
BTCEUR,34490.37,34493.86,34329.0,34493.86,34422.06368,34419.28233,4243.89748,0.1233,2022-02-27T08:00:00.000Z,2022-02-27T09:00:00.000Z
BTCEUR,34493.86,34669.27,34433.19,34669.27,34595.07809,34524.09751,4267.17842,0.1236,2022-02-27T09:00:00.000Z,2022-02-27T10:00:00.000Z
BTCEUR,34684.24,34996.49,34684.24,34986.28,34848.83188,34937.06625,12975.62636,0.3714,2022-02-27T10:00:00.000Z,2022-02-27T11:00:00.000Z
BTCEUR,34986.28,35013.83,34796.9,34979.06,34971.45365,34959.50191,26219.6264,0.75,2022-02-27T11:00:00.000Z,2022-02-27T12:00:00.000Z
BTCEUR,35025.0,35159.39,34979.0,35158.74,35064.6134,35025.04647,15488.07553,0.4422,2022-02-27T12:00:00.000Z,2022-02-27T13:00:00.000Z
BTCEUR,35158.74,35225.0,34377.65,34685.6,34789.69767,34637.27681,7945.79125,0.2294,2022-02-27T13:00:00.000Z,2022-02-27T14:00:00.000Z
BTCEUR,34699.99,34736.23,34374.53,34374.53,34541.79974,34489.25077,44504.92917,1.2904,2022-02-27T14:00:00.000Z,2022-02-27T15:00:00.000Z
BTCEUR,34450.0,34954.74,34450.0,34900.0,34716.20101,34759.37505,21356.15997,0.6144,2022-02-27T15:00:00.000Z,2022-02-27T16:00:00.000Z
BTCEUR,34900.0,34958.31,34629.0,34699.71,34746.96615,34703.44434,27721.1113,0.7988,2022-02-27T16:00:00.000Z,2022-02-27T17:00:00.000Z
BTCEUR,34699.71,34720.36,34622.06,34622.06,34674.68766,34666.48347,1455.99227,0.042,2022-02-27T17:00:00.000Z,2022-02-27T18:00:00.000Z
BTCEUR,34605.9,34734.54,34496.36,34609.54,34633.36395,34598.38871,20302.33442,0.5868,2022-02-27T18:00:00.000Z,2022-02-27T19:00:00.000Z
BTCEUR,34609.54,34609.54,33438.21,33524.99,34114.52046,34138.6694,58349.81364,1.7092,2022-02-27T19:00:00.000Z,2022-02-27T20:00:00.000Z
BTCEUR,33524.99,34120.17,33390.71,33879.0,33714.35008,33776.96127,17773.43694,0.5262,2022-02-27T20:00:00.000Z,2022-02-27T21:00:00.000Z
BTCEUR,33879.0,33879.0,33124.15,33629.0,33474.79064,33484.94901,29008.01123,0.8663,2022-02-27T21:00:00.000Z,2022-02-27T22:00:00.000Z
BTCEUR,33576.68,33916.56,33576.68,33829.0,33741.19394,33705.75254,49078.94621,1.4561,2022-02-27T22:00:00.000Z,2022-02-27T23:00:00.000Z
BTCEUR,33829.0,33829.0,33536.0,33745.77,33638.14111,33569.96252,4397.66507,0.131,2022-02-27T23:00:00.000Z,2022-02-28T00:00:00.000Z
